"Code Pays";"Code Voyage";"Intitulé";"Durée (jours)";"Description";"Résidence"
"AFR";"AFR251";"Prétoria, l'éternelle";"21";"Prétoria est la destination de vos rêves. Entre musées, vieilles rues et magasins typiques, les possibilités sont innombrables.";"Hôtel 5 étoiles dans un parc arboré"
"AFR";"AFR318";"Afrique du Sud: bien plus que Prétoria";"15";"Découvrez une autre facette de la vie en Afrique du Sud. Rapprochez-vous de la nature spécifique du lieu. Profitez des espaces préservés du pays pour vous ressourcer. Construisez votre programme selon vos envies: baignades, ballades, visites culturelles.";"Hôtel 5 étoiles dans un parc arboré"
"ALB";"ALB198";"Découverte de Tirana";"21";"Destination majeure en Albanie, la capitale offre un lieu animé pour vos vacances. Entre musées, vieilles rues et magasins typiques, les possibilités sont innombrables.";"Chalet individuel avec piscine"
"ALB";"ALB234";"Albanie: bien plus que Tirana";"15";"Découvrez une autre facette de la vie en Albanie. Rapprochez-vous de la nature spécifique du lieu. Forêts, plages et parcs animaliers vous attendent pour une détente absolue, dans une ambiance familiale.";"Chalet individuel avec accès direct sur la plage"
"ALG";"ALG172";"Alger, l'éternelle";"21";"Destination majeure en Algérie, la capitale offre un lieu animé pour vos vacances. Entre musées, vieilles rues et magasins typiques, les possibilités sont innombrables.";"Bungalow luxueux"
"ALG";"ALG370";"Algérie autrement";"17";"Non loin de Alger, ce séjour au calme vous proposera de nombreuses possibiltés de visites. Au coeur de la plus belle région du pays, votre esprit s'évadera au rythme des visites atypiques à la rencontre des gens du lieu.";"Chalet individuel avec piscine"
"ALL";"ALL269";"Découverte de Berlin";"21";"Berlin est la destination de vos rêves. Selon vos envies, les rues vous révèleront leurs secrets. Chaque promenade sera une découverte.";"Hôtel 4 étoiles"
"ALL";"ALL335";"Séjour vert en Allemagne";"19";"Non loin de Berlin, ce séjour au calme vous proposera de nombreuses possibiltés de visites. Forêts, plages et parcs animaliers vous attendent pour une détente absolue, dans une ambiance familiale.";"Hôtel 4 étoiles"
"AND";"AND166";"Découverte de Andorre-la-Vieille";"11";"Destination majeure en Andorre, la capitale offre un lieu animé pour vos vacances. Selon vos envies, les rues vous révèleront leurs secrets. Chaque promenade sera une découverte.";"Hôtel 4 étoiles dans un parc arboré"
"AND";"AND280";"Séjour vert en Andorre";"19";"Loin de l'agitation de la ville, ce séjour vous offrira une ambiance calme. Forêts, plages et parcs animaliers vous attendent pour une détente absolue, dans une ambiance familiale.";"Bungalow luxueux avec accès direct sur la plage"
"ANG";"ANG137";"Luanda, l'éternelle";"16";"Destination majeure en Angola, la capitale offre un lieu animé pour vos vacances. Vous visiterez les lieux célèbres du pays, et explorerez les endroits atypiques dans les recoins de la ville.";"Hôtel 4 étoiles"
"ANG";"ANG302";"Angola autrement";"11";"Découvrez une autre facette de la vie en Angola. Rapprochez-vous de la nature spécifique du lieu. Au coeur de la plus belle région du pays, votre esprit s'évadera au rythme des visites atypiques à la rencontre des gens du lieu.";"Hôtel 4 étoiles"
"ARG";"ARG207";"Découverte de Buenos Aires";"9";"Destination majeure en Argentine, la capitale offre un lieu animé pour vos vacances. Vous visiterez les lieux célèbres du pays, et explorerez les endroits atypiques dans les recoins de la ville.";"Chalet individuel"
"ARG";"ARG372";"Argentine: bien plus que Buenos Aires";"7";"Loin de l'agitation de la ville, ce séjour vous offrira une ambiance calme. Profitez des espaces préservés du pays pour vous ressourcer. Construisez votre programme selon vos envies: baignades, ballades, visites culturelles.";"Hôtel 4 étoiles dans un parc arboré"
"ARM";"ARM193";"Erévan: ville incroyable";"8";"Destination majeure en Arménie, la capitale offre un lieu animé pour vos vacances. Vous visiterez les lieux célèbres du pays, et explorerez les endroits atypiques dans les recoins de la ville.";"Hôtel 4 étoiles"
"ARM";"ARM296";"Arménie: bien plus que Erévan";"11";"Loin de l'agitation de la ville, ce séjour vous offrira une ambiance calme. Au coeur de la plus belle région du pays, votre esprit s'évadera au rythme des visites atypiques à la rencontre des gens du lieu.";"Chalet individuel"
"AUS";"AUS179";"Canberra: ville incroyable";"19";"Destination majeure en Australie, la capitale offre un lieu animé pour vos vacances. Entre musées, vieilles rues et magasins typiques, les possibilités sont innombrables.";"Bungalow luxueux avec accès direct sur la plage"
"AUS";"AUS230";"Australie autrement";"19";"Loin de l'agitation de la ville, ce séjour vous offrira une ambiance calme. Au coeur de la plus belle région du pays, votre esprit s'évadera au rythme des visites atypiques à la rencontre des gens du lieu.";"Hôtel 5 étoiles avec accès direct sur la plage"
"AUT";"AUT298";"Vienne: ville incroyable";"7";"Destination majeure en Autriche, la capitale offre un lieu animé pour vos vacances. Entre musées, vieilles rues et magasins typiques, les possibilités sont innombrables.";"Chalet individuel dans un parc arboré"
"AUT";"AUT461";"Autriche: bien plus que Vienne";"16";"Non loin de Vienne, ce séjour au calme vous proposera de nombreuses possibiltés de visites. Forêts, plages et parcs animaliers vous attendent pour une détente absolue, dans une ambiance familiale.";"Chalet individuel dans un parc arboré"
"AZE";"AZE207";"Découverte de Bakou";"17";"Destination majeure en Azerbaïdjan, la capitale offre un lieu animé pour vos vacances. Entre musées, vieilles rues et magasins typiques, les possibilités sont innombrables.";"Hôtel 5 étoiles avec accès direct sur la plage"
"AZE";"AZE370";"Azerbaïdjan autrement";"19";"Découvrez une autre facette de la vie en Azerbaïdjan. Rapprochez-vous de la nature spécifique du lieu. Au coeur de la plus belle région du pays, votre esprit s'évadera au rythme des visites atypiques à la rencontre des gens du lieu.";"Bungalow luxueux"
"BAH";"BAH276";"Nassau: ville incroyable";"15";"Destination majeure en Bahama, la capitale offre un lieu animé pour vos vacances. Vous visiterez les lieux célèbres du pays, et explorerez les endroits atypiques dans les recoins de la ville.";"Chalet individuel dans un parc arboré"
"BAH";"BAH383";"Bahama: bien plus que Nassau";"17";"Non loin de Nassau, ce séjour au calme vous proposera de nombreuses possibiltés de visites. Forêts, plages et parcs animaliers vous attendent pour une détente absolue, dans une ambiance familiale.";"Bungalow luxueux"
"BAN";"BAN205";"Dacca: ville incroyable";"16";"Cette ville aux secrets méconnus vous offrira un séjour de rêve. Vous visiterez les lieux célèbres du pays, et explorerez les endroits atypiques dans les recoins de la ville.";"Chalet individuel avec piscine"
"BAN";"BAN386";"Séjour vert en Bangladesh";"13";"Loin de l'agitation de la ville, ce séjour vous offrira une ambiance calme. Profitez des espaces préservés du pays pour vous ressourcer. Construisez votre programme selon vos envies: baignades, ballades, visites culturelles.";"Bungalow luxueux avec piscine"
"BAR";"BAR128";"Bridgetown, l'éternelle";"17";"Bridgetown est la destination de vos rêves. Selon vos envies, les rues vous révèleront leurs secrets. Chaque promenade sera une découverte.";"Hôtel 5 étoiles avec accès direct sur la plage"
"BAR";"BAR211";"Barbade: bien plus que Bridgetown";"13";"Loin de l'agitation de la ville, ce séjour vous offrira une ambiance calme. Au coeur de la plus belle région du pays, votre esprit s'évadera au rythme des visites atypiques à la rencontre des gens du lieu.";"Bungalow luxueux avec piscine"
"BEL";"BEL292";"Bruxelles, l'éternelle";"8";"Bruxelles est la destination de vos rêves. Selon vos envies, les rues vous révèleront leurs secrets. Chaque promenade sera une découverte.";"Bungalow luxueux dans un parc arboré"
"BEL";"BEL324";"Séjour vert en Belgique";"8";"Découvrez une autre facette de la vie en Belgique. Rapprochez-vous de la nature spécifique du lieu. Au coeur de la plus belle région du pays, votre esprit s'évadera au rythme des visites atypiques à la rencontre des gens du lieu.";"Chalet individuel"
"BEN";"BEN213";"Découverte de Porto Novo";"14";"Cette ville aux secrets méconnus vous offrira un séjour de rêve. Vous visiterez les lieux célèbres du pays, et explorerez les endroits atypiques dans les recoins de la ville.";"Bungalow luxueux avec accès direct sur la plage"
"BEN";"BEN392";"Bénin autrement";"21";"Non loin de Porto Novo, ce séjour au calme vous proposera de nombreuses possibiltés de visites. Forêts, plages et parcs animaliers vous attendent pour une détente absolue, dans une ambiance familiale.";"Chalet individuel"
"BER";"BER221";"Hamilton, l'éternelle";"14";"Cette ville aux secrets méconnus vous offrira un séjour de rêve. Vous visiterez les lieux célèbres du pays, et explorerez les endroits atypiques dans les recoins de la ville.";"Chalet individuel avec piscine"
"BER";"BER361";"Bermudes autrement";"12";"Loin de l'agitation de la ville, ce séjour vous offrira une ambiance calme. Au coeur de la plus belle région du pays, votre esprit s'évadera au rythme des visites atypiques à la rencontre des gens du lieu.";"Chalet individuel avec piscine"
"BHO";"BHO201";"Thimbu, l'éternelle";"14";"Thimbu est la destination de vos rêves. Entre musées, vieilles rues et magasins typiques, les possibilités sont innombrables.";"Bungalow luxueux avec piscine"
"BHO";"BHO301";"Bhoutan autrement";"15";"Découvrez une autre facette de la vie en Bhoutan. Rapprochez-vous de la nature spécifique du lieu. Forêts, plages et parcs animaliers vous attendent pour une détente absolue, dans une ambiance familiale.";"Chalet individuel avec accès direct sur la plage"
"BIE";"BIE150";"Découverte de Minsk";"17";"Cette ville aux secrets méconnus vous offrira un séjour de rêve. Vous visiterez les lieux célèbres du pays, et explorerez les endroits atypiques dans les recoins de la ville.";"Chalet individuel avec piscine"
"BIE";"BIE203";"Biélorussie autrement";"13";"Découvrez une autre facette de la vie en Biélorussie. Rapprochez-vous de la nature spécifique du lieu. Profitez des espaces préservés du pays pour vous ressourcer. Construisez votre programme selon vos envies: baignades, ballades, visites culturelles.";"Bungalow luxueux avec piscine"
"BOL";"BOL242";"La Paz, l'éternelle";"11";"Destination majeure en Bolivie, la capitale offre un lieu animé pour vos vacances. Vous visiterez les lieux célèbres du pays, et explorerez les endroits atypiques dans les recoins de la ville.";"Bungalow luxueux avec piscine"
"BOL";"BOL403";"Bolivie: bien plus que La Paz";"21";"Découvrez une autre facette de la vie en Bolivie. Rapprochez-vous de la nature spécifique du lieu. Au coeur de la plus belle région du pays, votre esprit s'évadera au rythme des visites atypiques à la rencontre des gens du lieu.";"Bungalow luxueux avec piscine"
"BOT";"BOT257";"Gaborone, l'éternelle";"18";"Destination majeure en Botswana, la capitale offre un lieu animé pour vos vacances. Entre musées, vieilles rues et magasins typiques, les possibilités sont innombrables.";"Hôtel 4 étoiles avec accès direct sur la plage"
"BOT";"BOT305";"Séjour vert en Botswana";"16";"Loin de l'agitation de la ville, ce séjour vous offrira une ambiance calme. Profitez des espaces préservés du pays pour vous ressourcer. Construisez votre programme selon vos envies: baignades, ballades, visites culturelles.";"Hôtel 4 étoiles"
"BRE";"BRE195";"Brasilia: ville incroyable";"13";"Cette ville aux secrets méconnus vous offrira un séjour de rêve. Vous visiterez les lieux célèbres du pays, et explorerez les endroits atypiques dans les recoins de la ville.";"Hôtel 4 étoiles avec piscine"
"BRE";"BRE296";"Séjour vert en Brésil";"14";"Découvrez une autre facette de la vie en Brésil. Rapprochez-vous de la nature spécifique du lieu. Profitez des espaces préservés du pays pour vous ressourcer. Construisez votre programme selon vos envies: baignades, ballades, visites culturelles.";"Bungalow luxueux avec accès direct sur la plage"
"BUL";"BUL240";"Sofia: ville incroyable";"11";"Sofia est la destination de vos rêves. Selon vos envies, les rues vous révèleront leurs secrets. Chaque promenade sera une découverte.";"Hôtel 5 étoiles avec piscine"
"BUL";"BUL402";"Bulgarie: bien plus que Sofia";"11";"Loin de l'agitation de la ville, ce séjour vous offrira une ambiance calme. Profitez des espaces préservés du pays pour vous ressourcer. Construisez votre programme selon vos envies: baignades, ballades, visites culturelles.";"Bungalow luxueux avec piscine"
"BUR";"BUR221";"Ouagadougou: ville incroyable";"8";"Ouagadougou est la destination de vos rêves. Entre musées, vieilles rues et magasins typiques, les possibilités sont innombrables.";"Hôtel 5 étoiles avec piscine"
"BUR";"BUR309";"Burkina Faso autrement";"11";"Loin de l'agitation de la ville, ce séjour vous offrira une ambiance calme. Forêts, plages et parcs animaliers vous attendent pour une détente absolue, dans une ambiance familiale.";"Chalet individuel dans un parc arboré"
"CAI";"CAI211";"George Town, l'éternelle";"7";"Cette ville aux secrets méconnus vous offrira un séjour de rêve. Selon vos envies, les rues vous révèleront leurs secrets. Chaque promenade sera une découverte.";"Hôtel 5 étoiles dans un parc arboré"
"CAI";"CAI284";"Séjour vert en Caïmans";"12";"Non loin de George Town, ce séjour au calme vous proposera de nombreuses possibiltés de visites. Au coeur de la plus belle région du pays, votre esprit s'évadera au rythme des visites atypiques à la rencontre des gens du lieu.";"Hôtel 4 étoiles avec piscine"
"CAM";"CAM290";"Phom Penh: ville incroyable";"16";"Destination majeure en Cambodge, la capitale offre un lieu animé pour vos vacances. Entre musées, vieilles rues et magasins typiques, les possibilités sont innombrables.";"Chalet individuel avec piscine"
"CAM";"CAM439";"Cambodge: bien plus que Phom Penh";"18";"Loin de l'agitation de la ville, ce séjour vous offrira une ambiance calme. Profitez des espaces préservés du pays pour vous ressourcer. Construisez votre programme selon vos envies: baignades, ballades, visites culturelles.";"Hôtel 5 étoiles dans un parc arboré"
"CAN";"CAN269";"Ottawa, l'éternelle";"15";"Cette ville aux secrets méconnus vous offrira un séjour de rêve. Vous visiterez les lieux célèbres du pays, et explorerez les endroits atypiques dans les recoins de la ville.";"Bungalow luxueux dans un parc arboré"
"CAN";"CAN420";"Canada autrement";"16";"Loin de l'agitation de la ville, ce séjour vous offrira une ambiance calme. Profitez des espaces préservés du pays pour vous ressourcer. Construisez votre programme selon vos envies: baignades, ballades, visites culturelles.";"Bungalow luxueux avec piscine"
"CHL";"CHL175";"Découverte de Santiago";"19";"Cette ville aux secrets méconnus vous offrira un séjour de rêve. Selon vos envies, les rues vous révèleront leurs secrets. Chaque promenade sera une découverte.";"Hôtel 5 étoiles dans un parc arboré"
"CHL";"CHL258";"Chili autrement";"13";"Découvrez une autre facette de la vie en Chili. Rapprochez-vous de la nature spécifique du lieu. Profitez des espaces préservés du pays pour vous ressourcer. Construisez votre programme selon vos envies: baignades, ballades, visites culturelles.";"Bungalow luxueux avec piscine"
"CHI";"CHI195";"Pékin: ville incroyable";"12";"Pékin est la destination de vos rêves. Selon vos envies, les rues vous révèleront leurs secrets. Chaque promenade sera une découverte.";"Hôtel 4 étoiles avec piscine"
"CHI";"CHI374";"Chine: bien plus que Pékin";"21";"Loin de l'agitation de la ville, ce séjour vous offrira une ambiance calme. Forêts, plages et parcs animaliers vous attendent pour une détente absolue, dans une ambiance familiale.";"Hôtel 4 étoiles dans un parc arboré"
"TAI";"TAI130";"Taïpei: ville incroyable";"19";"Taïpei est la destination de vos rêves. Entre musées, vieilles rues et magasins typiques, les possibilités sont innombrables.";"Hôtel 4 étoiles"
"TAI";"TAI308";"Taïwan autrement";"18";"Loin de l'agitation de la ville, ce séjour vous offrira une ambiance calme. Au coeur de la plus belle région du pays, votre esprit s'évadera au rythme des visites atypiques à la rencontre des gens du lieu.";"Hôtel 4 étoiles dans un parc arboré"
"CHY";"CHY239";"Nicosie: ville incroyable";"13";"Cette ville aux secrets méconnus vous offrira un séjour de rêve. Vous visiterez les lieux célèbres du pays, et explorerez les endroits atypiques dans les recoins de la ville.";"Chalet individuel avec piscine"
"CHY";"CHY264";"Chypre autrement";"7";"Découvrez une autre facette de la vie en Chypre. Rapprochez-vous de la nature spécifique du lieu. Au coeur de la plus belle région du pays, votre esprit s'évadera au rythme des visites atypiques à la rencontre des gens du lieu.";"Hôtel 5 étoiles avec piscine"
"COL";"COL173";"Santa Fé de Bogotà, l'éternelle";"21";"Santa Fé de Bogotà est la destination de vos rêves. Entre musées, vieilles rues et magasins typiques, les possibilités sont innombrables.";"Chalet individuel avec accès direct sur la plage"
"COL";"COL205";"Colombie autrement";"8";"Découvrez une autre facette de la vie en Colombie. Rapprochez-vous de la nature spécifique du lieu. Profitez des espaces préservés du pays pour vous ressourcer. Construisez votre programme selon vos envies: baignades, ballades, visites culturelles.";"Chalet individuel avec accès direct sur la plage"
"COR";"COR273";"Découverte de Séoul";"8";"Destination majeure en Corée du Su, la capitale offre un lieu animé pour vos vacances. Selon vos envies, les rues vous révèleront leurs secrets. Chaque promenade sera une découverte.";"Hôtel 4 étoiles dans un parc arboré"
"COR";"COR424";"Séjour vert en Corée du Su";"11";"Loin de l'agitation de la ville, ce séjour vous offrira une ambiance calme. Forêts, plages et parcs animaliers vous attendent pour une détente absolue, dans une ambiance familiale.";"Bungalow luxueux"
"COS";"COS299";"San José: ville incroyable";"16";"San José est la destination de vos rêves. Selon vos envies, les rues vous révèleront leurs secrets. Chaque promenade sera une découverte.";"Chalet individuel dans un parc arboré"
"COS";"COS456";"Costa Rica: bien plus que San José";"18";"Découvrez une autre facette de la vie en Costa Rica. Rapprochez-vous de la nature spécifique du lieu. Au coeur de la plus belle région du pays, votre esprit s'évadera au rythme des visites atypiques à la rencontre des gens du lieu.";"Bungalow luxueux"
"COT";"COT210";"Découverte de Yamoussoukro";"14";"Destination majeure en Côte d'Ivoire, la capitale offre un lieu animé pour vos vacances. Vous visiterez les lieux célèbres du pays, et explorerez les endroits atypiques dans les recoins de la ville.";"Chalet individuel avec accès direct sur la plage"
"COT";"COT331";"Côte d'Ivoire autrement";"8";"Loin de l'agitation de la ville, ce séjour vous offrira une ambiance calme. Au coeur de la plus belle région du pays, votre esprit s'évadera au rythme des visites atypiques à la rencontre des gens du lieu.";"Chalet individuel"
"CRO";"CRO293";"Zagreb: ville incroyable";"15";"Destination majeure en Croatie, la capitale offre un lieu animé pour vos vacances. Vous visiterez les lieux célèbres du pays, et explorerez les endroits atypiques dans les recoins de la ville.";"Hôtel 5 étoiles avec accès direct sur la plage"
"CRO";"CRO391";"Croatie: bien plus que Zagreb";"18";"Loin de l'agitation de la ville, ce séjour vous offrira une ambiance calme. Profitez des espaces préservés du pays pour vous ressourcer. Construisez votre programme selon vos envies: baignades, ballades, visites culturelles.";"Chalet individuel dans un parc arboré"
"CUB";"CUB262";"Découverte de La Havane";"12";"La Havane est la destination de vos rêves. Vous visiterez les lieux célèbres du pays, et explorerez les endroits atypiques dans les recoins de la ville.";"Hôtel 5 étoiles avec piscine"
"CUB";"CUB377";"Cuba autrement";"20";"Loin de l'agitation de la ville, ce séjour vous offrira une ambiance calme. Forêts, plages et parcs animaliers vous attendent pour une détente absolue, dans une ambiance familiale.";"Chalet individuel dans un parc arboré"
"DAN";"DAN146";"Copenhague, l'éternelle";"13";"Copenhague est la destination de vos rêves. Vous visiterez les lieux célèbres du pays, et explorerez les endroits atypiques dans les recoins de la ville.";"Chalet individuel"
"DAN";"DAN316";"Danemark: bien plus que Copenhague";"19";"Découvrez une autre facette de la vie en Danemark. Rapprochez-vous de la nature spécifique du lieu. Forêts, plages et parcs animaliers vous attendent pour une détente absolue, dans une ambiance familiale.";"Chalet individuel avec accès direct sur la plage"
"DJI";"DJI235";"Découverte de Djibouti";"14";"Cette ville aux secrets méconnus vous offrira un séjour de rêve. Vous visiterez les lieux célèbres du pays, et explorerez les endroits atypiques dans les recoins de la ville.";"Hôtel 4 étoiles avec piscine"
"DJI";"DJI281";"Djibouti: bien plus que Djibouti";"12";"Découvrez une autre facette de la vie en Djibouti. Rapprochez-vous de la nature spécifique du lieu. Profitez des espaces préservés du pays pour vous ressourcer. Construisez votre programme selon vos envies: baignades, ballades, visites culturelles.";"Chalet individuel"
"DOM";"DOM215";"Saint Domingue: ville incroyable";"16";"Destination majeure en Rép. Dominicaine, la capitale offre un lieu animé pour vos vacances. Selon vos envies, les rues vous révèleront leurs secrets. Chaque promenade sera une découverte.";"Bungalow luxueux dans un parc arboré"
"DOM";"DOM362";"Rép. Dominicaine: bien plus que Saint Domingue";"10";"Non loin de Saint Domingue, ce séjour au calme vous proposera de nombreuses possibiltés de visites. Profitez des espaces préservés du pays pour vous ressourcer. Construisez votre programme selon vos envies: baignades, ballades, visites culturelles.";"Bungalow luxueux dans un parc arboré"
"EGY";"EGY211";"Le Caire: ville incroyable";"18";"Le Caire est la destination de vos rêves. Entre musées, vieilles rues et magasins typiques, les possibilités sont innombrables.";"Hôtel 4 étoiles dans un parc arboré"
"EGY";"EGY311";"Egypte autrement";"19";"Loin de l'agitation de la ville, ce séjour vous offrira une ambiance calme. Profitez des espaces préservés du pays pour vous ressourcer. Construisez votre programme selon vos envies: baignades, ballades, visites culturelles.";"Chalet individuel"
"EQU";"EQU193";"Quito: ville incroyable";"20";"Quito est la destination de vos rêves. Entre musées, vieilles rues et magasins typiques, les possibilités sont innombrables.";"Hôtel 4 étoiles"
"EQU";"EQU334";"Equateur: bien plus que Quito";"18";"Non loin de Quito, ce séjour au calme vous proposera de nombreuses possibiltés de visites. Au coeur de la plus belle région du pays, votre esprit s'évadera au rythme des visites atypiques à la rencontre des gens du lieu.";"Hôtel 5 étoiles avec piscine"
"ESP";"ESP227";"Découverte de Madrid";"13";"Madrid est la destination de vos rêves. Selon vos envies, les rues vous révèleront leurs secrets. Chaque promenade sera une découverte.";"Bungalow luxueux dans un parc arboré"
"ESP";"ESP253";"Espagne: bien plus que Madrid";"10";"Non loin de Madrid, ce séjour au calme vous proposera de nombreuses possibiltés de visites. Au coeur de la plus belle région du pays, votre esprit s'évadera au rythme des visites atypiques à la rencontre des gens du lieu.";"Chalet individuel"
"EST";"EST295";"Découverte de Talinn";"10";"Destination majeure en Estonie, la capitale offre un lieu animé pour vos vacances. Entre musées, vieilles rues et magasins typiques, les possibilités sont innombrables.";"Bungalow luxueux dans un parc arboré"
"EST";"EST386";"Séjour vert en Estonie";"21";"Non loin de Talinn, ce séjour au calme vous proposera de nombreuses possibiltés de visites. Profitez des espaces préservés du pays pour vous ressourcer. Construisez votre programme selon vos envies: baignades, ballades, visites culturelles.";"Hôtel 5 étoiles avec piscine"
"USA";"USA242";"Washington: ville incroyable";"21";"Washington est la destination de vos rêves. Entre musées, vieilles rues et magasins typiques, les possibilités sont innombrables.";"Hôtel 4 étoiles avec accès direct sur la plage"
"USA";"USA316";"Etats-Unis: bien plus que Washington";"18";"Loin de l'agitation de la ville, ce séjour vous offrira une ambiance calme. Forêts, plages et parcs animaliers vous attendent pour une détente absolue, dans une ambiance familiale.";"Hôtel 5 étoiles"
"FAL";"FAL160";"Stanley, l'éternelle";"9";"Destination majeure en Iles Falkland, la capitale offre un lieu animé pour vos vacances. Selon vos envies, les rues vous révèleront leurs secrets. Chaque promenade sera une découverte.";"Hôtel 4 étoiles avec accès direct sur la plage"
"FAL";"FAL260";"Séjour vert en Iles Falkland";"10";"Non loin de Stanley, ce séjour au calme vous proposera de nombreuses possibiltés de visites. Forêts, plages et parcs animaliers vous attendent pour une détente absolue, dans une ambiance familiale.";"Hôtel 5 étoiles avec accès direct sur la plage"
"FIN";"FIN162";"Helsinki, l'éternelle";"9";"Helsinki est la destination de vos rêves. Vous visiterez les lieux célèbres du pays, et explorerez les endroits atypiques dans les recoins de la ville.";"Bungalow luxueux avec accès direct sur la plage"
"FIN";"FIN272";"Finlande: bien plus que Helsinki";"14";"Découvrez une autre facette de la vie en Finlande. Rapprochez-vous de la nature spécifique du lieu. Au coeur de la plus belle région du pays, votre esprit s'évadera au rythme des visites atypiques à la rencontre des gens du lieu.";"Bungalow luxueux dans un parc arboré"
"FRA";"FRA218";"Paris, l'éternelle";"18";"Paris est la destination de vos rêves. Entre musées, vieilles rues et magasins typiques, les possibilités sont innombrables.";"Chalet individuel avec accès direct sur la plage"
"FRA";"FRA410";"France autrement";"18";"Découvrez une autre facette de la vie en France. Rapprochez-vous de la nature spécifique du lieu. Au coeur de la plus belle région du pays, votre esprit s'évadera au rythme des visites atypiques à la rencontre des gens du lieu.";"Hôtel 4 étoiles avec accès direct sur la plage"
"GRE";"GRE144";"Découverte de Athène";"19";"Destination majeure en Grèce, la capitale offre un lieu animé pour vos vacances. Selon vos envies, les rues vous révèleront leurs secrets. Chaque promenade sera une découverte.";"Hôtel 5 étoiles"
"GRE";"GRE171";"Grèce autrement";"14";"Loin de l'agitation de la ville, ce séjour vous offrira une ambiance calme. Au coeur de la plus belle région du pays, votre esprit s'évadera au rythme des visites atypiques à la rencontre des gens du lieu.";"Hôtel 5 étoiles avec piscine"
"GUA";"GUA202";"Guatemala: ville incroyable";"21";"Guatemala est la destination de vos rêves. Vous visiterez les lieux célèbres du pays, et explorerez les endroits atypiques dans les recoins de la ville.";"Hôtel 4 étoiles avec accès direct sur la plage"
"GUA";"GUA232";"Séjour vert en Guatemala";"16";"Découvrez une autre facette de la vie en Guatemala. Rapprochez-vous de la nature spécifique du lieu. Au coeur de la plus belle région du pays, votre esprit s'évadera au rythme des visites atypiques à la rencontre des gens du lieu.";"Hôtel 5 étoiles"
"HON";"HON195";"Découverte de Budapest";"8";"Cette ville aux secrets méconnus vous offrira un séjour de rêve. Entre musées, vieilles rues et magasins typiques, les possibilités sont innombrables.";"Bungalow luxueux avec accès direct sur la plage"
"HON";"HON228";"Hongrie autrement";"19";"Non loin de Budapest, ce séjour au calme vous proposera de nombreuses possibiltés de visites. Au coeur de la plus belle région du pays, votre esprit s'évadera au rythme des visites atypiques à la rencontre des gens du lieu.";"Bungalow luxueux"
"IND";"IND204";"Nex Delhi, l'éternelle";"17";"Cette ville aux secrets méconnus vous offrira un séjour de rêve. Vous visiterez les lieux célèbres du pays, et explorerez les endroits atypiques dans les recoins de la ville.";"Hôtel 4 étoiles avec accès direct sur la plage"
"IND";"IND294";"Inde: bien plus que Nex Delhi";"13";"Découvrez une autre facette de la vie en Inde. Rapprochez-vous de la nature spécifique du lieu. Au coeur de la plus belle région du pays, votre esprit s'évadera au rythme des visites atypiques à la rencontre des gens du lieu.";"Bungalow luxueux avec accès direct sur la plage"
"IRL";"IRL199";"Dublin: ville incroyable";"12";"Dublin est la destination de vos rêves. Entre musées, vieilles rues et magasins typiques, les possibilités sont innombrables.";"Hôtel 4 étoiles avec piscine"
"IRL";"IRL313";"Séjour vert en Irlande";"12";"Non loin de Dublin, ce séjour au calme vous proposera de nombreuses possibiltés de visites. Profitez des espaces préservés du pays pour vous ressourcer. Construisez votre programme selon vos envies: baignades, ballades, visites culturelles.";"Chalet individuel avec accès direct sur la plage"
"ISL";"ISL278";"Découverte de Reykjavik";"15";"Reykjavik est la destination de vos rêves. Selon vos envies, les rues vous révèleront leurs secrets. Chaque promenade sera une découverte.";"Chalet individuel avec piscine"
"ISL";"ISL415";"Islande autrement";"9";"Loin de l'agitation de la ville, ce séjour vous offrira une ambiance calme. Au coeur de la plus belle région du pays, votre esprit s'évadera au rythme des visites atypiques à la rencontre des gens du lieu.";"Bungalow luxueux avec piscine"
"ISR";"ISR119";"Jérusalem: ville incroyable";"21";"Jérusalem est la destination de vos rêves. Vous visiterez les lieux célèbres du pays, et explorerez les endroits atypiques dans les recoins de la ville.";"Hôtel 4 étoiles avec accès direct sur la plage"
"ISR";"ISR180";"Séjour vert en Israël";"13";"Découvrez une autre facette de la vie en Israël. Rapprochez-vous de la nature spécifique du lieu. Forêts, plages et parcs animaliers vous attendent pour une détente absolue, dans une ambiance familiale.";"Hôtel 4 étoiles avec piscine"
"ITA";"ITA288";"Rome: ville incroyable";"20";"Destination majeure en Italie, la capitale offre un lieu animé pour vos vacances. Vous visiterez les lieux célèbres du pays, et explorerez les endroits atypiques dans les recoins de la ville.";"Hôtel 5 étoiles avec piscine"
"ITA";"ITA470";"Italie: bien plus que Rome";"18";"Loin de l'agitation de la ville, ce séjour vous offrira une ambiance calme. Forêts, plages et parcs animaliers vous attendent pour une détente absolue, dans une ambiance familiale.";"Chalet individuel dans un parc arboré"
"JAM";"JAM121";"Kingston, l'éternelle";"9";"Destination majeure en Jamaïque, la capitale offre un lieu animé pour vos vacances. Vous visiterez les lieux célèbres du pays, et explorerez les endroits atypiques dans les recoins de la ville.";"Bungalow luxueux avec piscine"
"JAM";"JAM183";"Séjour vert en Jamaïque";"9";"Non loin de Kingston, ce séjour au calme vous proposera de nombreuses possibiltés de visites. Forêts, plages et parcs animaliers vous attendent pour une détente absolue, dans une ambiance familiale.";"Chalet individuel avec piscine"
"JAP";"JAP175";"Tokio, l'éternelle";"20";"Tokio est la destination de vos rêves. Selon vos envies, les rues vous révèleront leurs secrets. Chaque promenade sera une découverte.";"Chalet individuel dans un parc arboré"
"JAP";"JAP243";"Séjour vert en Japon";"11";"Découvrez une autre facette de la vie en Japon. Rapprochez-vous de la nature spécifique du lieu. Forêts, plages et parcs animaliers vous attendent pour une détente absolue, dans une ambiance familiale.";"Chalet individuel dans un parc arboré"
"JOR";"JOR263";"Amman, l'éternelle";"8";"Cette ville aux secrets méconnus vous offrira un séjour de rêve. Selon vos envies, les rues vous révèleront leurs secrets. Chaque promenade sera une découverte.";"Chalet individuel avec accès direct sur la plage"
"JOR";"JOR285";"Séjour vert en Jordanie";"9";"Découvrez une autre facette de la vie en Jordanie. Rapprochez-vous de la nature spécifique du lieu. Au coeur de la plus belle région du pays, votre esprit s'évadera au rythme des visites atypiques à la rencontre des gens du lieu.";"Bungalow luxueux dans un parc arboré"
"LET";"LET228";"Découverte de Riga";"13";"Destination majeure en Lettonie, la capitale offre un lieu animé pour vos vacances. Selon vos envies, les rues vous révèleront leurs secrets. Chaque promenade sera une découverte.";"Chalet individuel dans un parc arboré"
"LET";"LET398";"Lettonie autrement";"20";"Non loin de Riga, ce séjour au calme vous proposera de nombreuses possibiltés de visites. Profitez des espaces préservés du pays pour vous ressourcer. Construisez votre programme selon vos envies: baignades, ballades, visites culturelles.";"Hôtel 5 étoiles dans un parc arboré"
"LIB";"LIB265";"Découverte de Beyrouth";"20";"Cette ville aux secrets méconnus vous offrira un séjour de rêve. Entre musées, vieilles rues et magasins typiques, les possibilités sont innombrables.";"Bungalow luxueux avec accès direct sur la plage"
"LIB";"LIB438";"Séjour vert en Liban";"16";"Découvrez une autre facette de la vie en Liban. Rapprochez-vous de la nature spécifique du lieu. Forêts, plages et parcs animaliers vous attendent pour une détente absolue, dans une ambiance familiale.";"Bungalow luxueux dans un parc arboré"
"LIE";"LIE243";"Vaduz, l'éternelle";"15";"Vaduz est la destination de vos rêves. Selon vos envies, les rues vous révèleront leurs secrets. Chaque promenade sera une découverte.";"Hôtel 5 étoiles avec piscine"
"LIE";"LIE387";"Séjour vert en Liechtenstein";"8";"Loin de l'agitation de la ville, ce séjour vous offrira une ambiance calme. Forêts, plages et parcs animaliers vous attendent pour une détente absolue, dans une ambiance familiale.";"Chalet individuel dans un parc arboré"
"LIT";"LIT282";"Vilnius: ville incroyable";"15";"Cette ville aux secrets méconnus vous offrira un séjour de rêve. Selon vos envies, les rues vous révèleront leurs secrets. Chaque promenade sera une découverte.";"Chalet individuel avec accès direct sur la plage"
"LIT";"LIT368";"Séjour vert en Lituanie";"21";"Non loin de Vilnius, ce séjour au calme vous proposera de nombreuses possibiltés de visites. Forêts, plages et parcs animaliers vous attendent pour une détente absolue, dans une ambiance familiale.";"Chalet individuel avec piscine"
"LUX";"LUX132";"Luxembourg: ville incroyable";"21";"Destination majeure en Luxembourg, la capitale offre un lieu animé pour vos vacances. Entre musées, vieilles rues et magasins typiques, les possibilités sont innombrables.";"Chalet individuel avec accès direct sur la plage"
"LUX";"LUX270";"Luxembourg: bien plus que Luxembourg";"7";"Loin de l'agitation de la ville, ce séjour vous offrira une ambiance calme. Forêts, plages et parcs animaliers vous attendent pour une détente absolue, dans une ambiance familiale.";"Bungalow luxueux avec piscine"
"MAC";"MAC280";"Découverte de Skopje";"13";"Skopje est la destination de vos rêves. Entre musées, vieilles rues et magasins typiques, les possibilités sont innombrables.";"Hôtel 5 étoiles"
"MAC";"MAC452";"Séjour vert en Macédoine";"17";"Loin de l'agitation de la ville, ce séjour vous offrira une ambiance calme. Au coeur de la plus belle région du pays, votre esprit s'évadera au rythme des visites atypiques à la rencontre des gens du lieu.";"Bungalow luxueux avec accès direct sur la plage"
"MAD";"MAD154";"Antanarivo: ville incroyable";"12";"Antanarivo est la destination de vos rêves. Selon vos envies, les rues vous révèleront leurs secrets. Chaque promenade sera une découverte.";"Hôtel 4 étoiles"
"MAD";"MAD195";"Madagascar: bien plus que Antanarivo";"8";"Découvrez une autre facette de la vie en Madagascar. Rapprochez-vous de la nature spécifique du lieu. Forêts, plages et parcs animaliers vous attendent pour une détente absolue, dans une ambiance familiale.";"Hôtel 5 étoiles avec piscine"
"MAL";"MAL144";"Découverte de Male";"20";"Destination majeure en Maldives, la capitale offre un lieu animé pour vos vacances. Entre musées, vieilles rues et magasins typiques, les possibilités sont innombrables.";"Hôtel 5 étoiles avec piscine"
"MAL";"MAL176";"Maldives autrement";"16";"Loin de l'agitation de la ville, ce séjour vous offrira une ambiance calme. Au coeur de la plus belle région du pays, votre esprit s'évadera au rythme des visites atypiques à la rencontre des gens du lieu.";"Hôtel 4 étoiles avec piscine"
"MAR";"MAR142";"Découverte de Rabat";"17";"Rabat est la destination de vos rêves. Entre musées, vieilles rues et magasins typiques, les possibilités sont innombrables.";"Hôtel 5 étoiles avec piscine"
"MAR";"MAR197";"Maroc: bien plus que Rabat";"8";"Découvrez une autre facette de la vie en Maroc. Rapprochez-vous de la nature spécifique du lieu. Forêts, plages et parcs animaliers vous attendent pour une détente absolue, dans une ambiance familiale.";"Bungalow luxueux avec piscine"
"MAU";"MAU254";"Port-Louis: ville incroyable";"11";"Port-Louis est la destination de vos rêves. Entre musées, vieilles rues et magasins typiques, les possibilités sont innombrables.";"Hôtel 5 étoiles avec piscine"
"MAU";"MAU322";"Maurice autrement";"7";"Loin de l'agitation de la ville, ce séjour vous offrira une ambiance calme. Forêts, plages et parcs animaliers vous attendent pour une détente absolue, dans une ambiance familiale.";"Hôtel 5 étoiles dans un parc arboré"
"MEX";"MEX167";"Découverte de Mexico";"16";"Mexico est la destination de vos rêves. Vous visiterez les lieux célèbres du pays, et explorerez les endroits atypiques dans les recoins de la ville.";"Chalet individuel"
"MEX";"MEX233";"Séjour vert en Mexique";"9";"Loin de l'agitation de la ville, ce séjour vous offrira une ambiance calme. Profitez des espaces préservés du pays pour vous ressourcer. Construisez votre programme selon vos envies: baignades, ballades, visites culturelles.";"Chalet individuel avec piscine"
"MOL";"MOL178";"Chisinau: ville incroyable";"12";"Destination majeure en Moldavie, la capitale offre un lieu animé pour vos vacances. Entre musées, vieilles rues et magasins typiques, les possibilités sont innombrables.";"Hôtel 4 étoiles"
"MOL";"MOL244";"Séjour vert en Moldavie";"13";"Non loin de Chisinau, ce séjour au calme vous proposera de nombreuses possibiltés de visites. Profitez des espaces préservés du pays pour vous ressourcer. Construisez votre programme selon vos envies: baignades, ballades, visites culturelles.";"Hôtel 4 étoiles dans un parc arboré"
"MON";"MON181";"Monaco: ville incroyable";"8";"Destination majeure en Monaco, la capitale offre un lieu animé pour vos vacances. Selon vos envies, les rues vous révèleront leurs secrets. Chaque promenade sera une découverte.";"Hôtel 4 étoiles dans un parc arboré"
"MON";"MON250";"Monaco: bien plus que Monaco";"21";"Non loin de Monaco, ce séjour au calme vous proposera de nombreuses possibiltés de visites. Profitez des espaces préservés du pays pour vous ressourcer. Construisez votre programme selon vos envies: baignades, ballades, visites culturelles.";"Hôtel 5 étoiles avec piscine"
"NAU";"NAU213";"Yaren, l'éternelle";"19";"Cette ville aux secrets méconnus vous offrira un séjour de rêve. Entre musées, vieilles rues et magasins typiques, les possibilités sont innombrables.";"Bungalow luxueux"
"NAU";"NAU285";"Nauru: bien plus que Yaren";"10";"Découvrez une autre facette de la vie en Nauru. Rapprochez-vous de la nature spécifique du lieu. Forêts, plages et parcs animaliers vous attendent pour une détente absolue, dans une ambiance familiale.";"Hôtel 4 étoiles dans un parc arboré"
"NEP";"NEP181";"Découverte de Katmandou";"16";"Cette ville aux secrets méconnus vous offrira un séjour de rêve. Vous visiterez les lieux célèbres du pays, et explorerez les endroits atypiques dans les recoins de la ville.";"Hôtel 5 étoiles dans un parc arboré"
"NEP";"NEP251";"Népal: bien plus que Katmandou";"21";"Découvrez une autre facette de la vie en Népal. Rapprochez-vous de la nature spécifique du lieu. Au coeur de la plus belle région du pays, votre esprit s'évadera au rythme des visites atypiques à la rencontre des gens du lieu.";"Bungalow luxueux"
"NOR";"NOR187";"Oslo, l'éternelle";"8";"Destination majeure en Norvège, la capitale offre un lieu animé pour vos vacances. Selon vos envies, les rues vous révèleront leurs secrets. Chaque promenade sera une découverte.";"Hôtel 5 étoiles"
"NOR";"NOR223";"Norvège: bien plus que Oslo";"20";"Non loin de Oslo, ce séjour au calme vous proposera de nombreuses possibiltés de visites. Forêts, plages et parcs animaliers vous attendent pour une détente absolue, dans une ambiance familiale.";"Chalet individuel avec piscine"
"NZE";"NZE284";"Wellington, l'éternelle";"18";"Cette ville aux secrets méconnus vous offrira un séjour de rêve. Selon vos envies, les rues vous révèleront leurs secrets. Chaque promenade sera une découverte.";"Chalet individuel dans un parc arboré"
"NZE";"NZE365";"Nouvelle Zélande: bien plus que Wellington";"11";"Non loin de Wellington, ce séjour au calme vous proposera de nombreuses possibiltés de visites. Au coeur de la plus belle région du pays, votre esprit s'évadera au rythme des visites atypiques à la rencontre des gens du lieu.";"Hôtel 4 étoiles dans un parc arboré"
"PAP";"PAP269";"Port-Moresby, l'éternelle";"10";"Cette ville aux secrets méconnus vous offrira un séjour de rêve. Selon vos envies, les rues vous révèleront leurs secrets. Chaque promenade sera une découverte.";"Chalet individuel avec piscine"
"PAP";"PAP416";"Séjour vert en Papouasie-Nouvelle-Guinée";"19";"Loin de l'agitation de la ville, ce séjour vous offrira une ambiance calme. Forêts, plages et parcs animaliers vous attendent pour une détente absolue, dans une ambiance familiale.";"Bungalow luxueux avec accès direct sur la plage"
"HOL";"HOL220";"Amsterdam, l'éternelle";"19";"Cette ville aux secrets méconnus vous offrira un séjour de rêve. Selon vos envies, les rues vous révèleront leurs secrets. Chaque promenade sera une découverte.";"Chalet individuel avec accès direct sur la plage"
"HOL";"HOL352";"Séjour vert en Pays-Bas";"8";"Découvrez une autre facette de la vie en Pays-Bas. Rapprochez-vous de la nature spécifique du lieu. Au coeur de la plus belle région du pays, votre esprit s'évadera au rythme des visites atypiques à la rencontre des gens du lieu.";"Hôtel 4 étoiles avec piscine"
"PER";"PER243";"Lima: ville incroyable";"21";"Lima est la destination de vos rêves. Entre musées, vieilles rues et magasins typiques, les possibilités sont innombrables.";"Hôtel 5 étoiles dans un parc arboré"
"PER";"PER374";"Pérou: bien plus que Lima";"17";"Non loin de Lima, ce séjour au calme vous proposera de nombreuses possibiltés de visites. Profitez des espaces préservés du pays pour vous ressourcer. Construisez votre programme selon vos envies: baignades, ballades, visites culturelles.";"Bungalow luxueux dans un parc arboré"
"POL";"POL205";"Varsovie: ville incroyable";"8";"Varsovie est la destination de vos rêves. Selon vos envies, les rues vous révèleront leurs secrets. Chaque promenade sera une découverte.";"Hôtel 4 étoiles avec accès direct sur la plage"
"POL";"POL243";"Pologne: bien plus que Varsovie";"14";"Non loin de Varsovie, ce séjour au calme vous proposera de nombreuses possibiltés de visites. Profitez des espaces préservés du pays pour vous ressourcer. Construisez votre programme selon vos envies: baignades, ballades, visites culturelles.";"Hôtel 4 étoiles avec accès direct sur la plage"
"POR";"POR266";"Découverte de Lisbonne";"12";"Destination majeure en Portugal, la capitale offre un lieu animé pour vos vacances. Selon vos envies, les rues vous révèleront leurs secrets. Chaque promenade sera une découverte.";"Chalet individuel dans un parc arboré"
"POR";"POR464";"Portugal: bien plus que Lisbonne";"8";"Non loin de Lisbonne, ce séjour au calme vous proposera de nombreuses possibiltés de visites. Profitez des espaces préservés du pays pour vous ressourcer. Construisez votre programme selon vos envies: baignades, ballades, visites culturelles.";"Hôtel 4 étoiles avec accès direct sur la plage"
"QAT";"QAT132";"Al-Dawha (Doha), l'éternelle";"19";"Al-Dawha (Doha) est la destination de vos rêves. Entre musées, vieilles rues et magasins typiques, les possibilités sont innombrables.";"Hôtel 5 étoiles dans un parc arboré"
"QAT";"QAT288";"Séjour vert en Qatar";"18";"Loin de l'agitation de la ville, ce séjour vous offrira une ambiance calme. Profitez des espaces préservés du pays pour vous ressourcer. Construisez votre programme selon vos envies: baignades, ballades, visites culturelles.";"Bungalow luxueux"
"ROU";"ROU150";"Découverte de Bucarest";"8";"Bucarest est la destination de vos rêves. Selon vos envies, les rues vous révèleront leurs secrets. Chaque promenade sera une découverte.";"Hôtel 5 étoiles dans un parc arboré"
"ROU";"ROU280";"Séjour vert en Roumanie";"16";"Découvrez une autre facette de la vie en Roumanie. Rapprochez-vous de la nature spécifique du lieu. Forêts, plages et parcs animaliers vous attendent pour une détente absolue, dans une ambiance familiale.";"Hôtel 4 étoiles"
"ROY";"ROY194";"Londres, l'éternelle";"20";"Londres est la destination de vos rêves. Vous visiterez les lieux célèbres du pays, et explorerez les endroits atypiques dans les recoins de la ville.";"Hôtel 4 étoiles"
"ROY";"ROY387";"Royaume-Uni: bien plus que Londres";"16";"Découvrez une autre facette de la vie en Royaume-Uni. Rapprochez-vous de la nature spécifique du lieu. Au coeur de la plus belle région du pays, votre esprit s'évadera au rythme des visites atypiques à la rencontre des gens du lieu.";"Hôtel 5 étoiles"
"RUS";"RUS193";"Moscou, l'éternelle";"8";"Destination majeure en Russie, la capitale offre un lieu animé pour vos vacances. Vous visiterez les lieux célèbres du pays, et explorerez les endroits atypiques dans les recoins de la ville.";"Hôtel 4 étoiles dans un parc arboré"
"RUS";"RUS319";"Séjour vert en Russie";"8";"Non loin de Moscou, ce séjour au calme vous proposera de nombreuses possibiltés de visites. Profitez des espaces préservés du pays pour vous ressourcer. Construisez votre programme selon vos envies: baignades, ballades, visites culturelles.";"Hôtel 5 étoiles dans un parc arboré"
"SIN";"SIN207";"Singapour: ville incroyable";"12";"Singapour est la destination de vos rêves. Selon vos envies, les rues vous révèleront leurs secrets. Chaque promenade sera une découverte.";"Chalet individuel avec piscine"
"SIN";"SIN228";"Séjour vert en Singapour";"8";"Loin de l'agitation de la ville, ce séjour vous offrira une ambiance calme. Forêts, plages et parcs animaliers vous attendent pour une détente absolue, dans une ambiance familiale.";"Chalet individuel avec piscine"
"SLO";"SLO145";"Découverte de Bratislava";"12";"Cette ville aux secrets méconnus vous offrira un séjour de rêve. Vous visiterez les lieux célèbres du pays, et explorerez les endroits atypiques dans les recoins de la ville.";"Hôtel 4 étoiles avec piscine"
"SLO";"SLO283";"Séjour vert en Slovaquie";"7";"Loin de l'agitation de la ville, ce séjour vous offrira une ambiance calme. Forêts, plages et parcs animaliers vous attendent pour une détente absolue, dans une ambiance familiale.";"Chalet individuel avec piscine"
"SLV";"SLV268";"Découverte de Ljubljana";"8";"Ljubljana est la destination de vos rêves. Selon vos envies, les rues vous révèleront leurs secrets. Chaque promenade sera une découverte.";"Hôtel 5 étoiles avec piscine"
"SLV";"SLV387";"Séjour vert en Slovénie";"10";"Non loin de Ljubljana, ce séjour au calme vous proposera de nombreuses possibiltés de visites. Profitez des espaces préservés du pays pour vous ressourcer. Construisez votre programme selon vos envies: baignades, ballades, visites culturelles.";"Chalet individuel"
"SUE";"SUE185";"Découverte de Stockholm";"14";"Stockholm est la destination de vos rêves. Selon vos envies, les rues vous révèleront leurs secrets. Chaque promenade sera une découverte.";"Hôtel 5 étoiles avec accès direct sur la plage"
"SUE";"SUE210";"Suède autrement";"15";"Loin de l'agitation de la ville, ce séjour vous offrira une ambiance calme. Au coeur de la plus belle région du pays, votre esprit s'évadera au rythme des visites atypiques à la rencontre des gens du lieu.";"Bungalow luxueux"
"SUI";"SUI158";"Berne, l'éternelle";"13";"Destination majeure en Suisse, la capitale offre un lieu animé pour vos vacances. Vous visiterez les lieux célèbres du pays, et explorerez les endroits atypiques dans les recoins de la ville.";"Bungalow luxueux dans un parc arboré"
"SUI";"SUI240";"Suisse: bien plus que Berne";"7";"Loin de l'agitation de la ville, ce séjour vous offrira une ambiance calme. Au coeur de la plus belle région du pays, votre esprit s'évadera au rythme des visites atypiques à la rencontre des gens du lieu.";"Hôtel 5 étoiles"
"TCH";"TCH298";"Prague: ville incroyable";"21";"Destination majeure en République Tchèque, la capitale offre un lieu animé pour vos vacances. Entre musées, vieilles rues et magasins typiques, les possibilités sont innombrables.";"Chalet individuel"
"TCH";"TCH412";"République Tchèque autrement";"20";"Découvrez une autre facette de la vie en République Tchèque. Rapprochez-vous de la nature spécifique du lieu. Au coeur de la plus belle région du pays, votre esprit s'évadera au rythme des visites atypiques à la rencontre des gens du lieu.";"Hôtel 5 étoiles avec accès direct sur la plage"
"THA";"THA163";"Bagkok: ville incroyable";"18";"Cette ville aux secrets méconnus vous offrira un séjour de rêve. Selon vos envies, les rues vous révèleront leurs secrets. Chaque promenade sera une découverte.";"Hôtel 4 étoiles avec accès direct sur la plage"
"THA";"THA304";"Séjour vert en Thaïlande";"9";"Loin de l'agitation de la ville, ce séjour vous offrira une ambiance calme. Forêts, plages et parcs animaliers vous attendent pour une détente absolue, dans une ambiance familiale.";"Bungalow luxueux avec accès direct sur la plage"
"TUN";"TUN159";"Tunis: ville incroyable";"14";"Destination majeure en Tunisie, la capitale offre un lieu animé pour vos vacances. Vous visiterez les lieux célèbres du pays, et explorerez les endroits atypiques dans les recoins de la ville.";"Bungalow luxueux"
"TUN";"TUN208";"Tunisie: bien plus que Tunis";"21";"Découvrez une autre facette de la vie en Tunisie. Rapprochez-vous de la nature spécifique du lieu. Profitez des espaces préservés du pays pour vous ressourcer. Construisez votre programme selon vos envies: baignades, ballades, visites culturelles.";"Hôtel 4 étoiles avec accès direct sur la plage"
"TUR";"TUR136";"Découverte de Ankara";"21";"Destination majeure en Turquie, la capitale offre un lieu animé pour vos vacances. Entre musées, vieilles rues et magasins typiques, les possibilités sont innombrables.";"Hôtel 5 étoiles"
"TUR";"TUR260";"Turquie: bien plus que Ankara";"8";"Loin de l'agitation de la ville, ce séjour vous offrira une ambiance calme. Forêts, plages et parcs animaliers vous attendent pour une détente absolue, dans une ambiance familiale.";"Chalet individuel avec piscine"
"UKR";"UKR115";"Kiev, l'éternelle";"11";"Destination majeure en Ukraine, la capitale offre un lieu animé pour vos vacances. Vous visiterez les lieux célèbres du pays, et explorerez les endroits atypiques dans les recoins de la ville.";"Hôtel 5 étoiles dans un parc arboré"
"UKR";"UKR246";"Séjour vert en Ukraine";"20";"Non loin de Kiev, ce séjour au calme vous proposera de nombreuses possibiltés de visites. Profitez des espaces préservés du pays pour vous ressourcer. Construisez votre programme selon vos envies: baignades, ballades, visites culturelles.";"Hôtel 4 étoiles avec piscine"
"URU";"URU248";"Montevidéo, l'éternelle";"20";"Destination majeure en Uruguay, la capitale offre un lieu animé pour vos vacances. Vous visiterez les lieux célèbres du pays, et explorerez les endroits atypiques dans les recoins de la ville.";"Chalet individuel dans un parc arboré"
"URU";"URU294";"Uruguay: bien plus que Montevidéo";"9";"Découvrez une autre facette de la vie en Uruguay. Rapprochez-vous de la nature spécifique du lieu. Profitez des espaces préservés du pays pour vous ressourcer. Construisez votre programme selon vos envies: baignades, ballades, visites culturelles.";"Hôtel 4 étoiles"
"VAN";"VAN257";"Port-Vila, l'éternelle";"17";"Destination majeure en Vanuatu, la capitale offre un lieu animé pour vos vacances. Vous visiterez les lieux célèbres du pays, et explorerez les endroits atypiques dans les recoins de la ville.";"Bungalow luxueux avec piscine"
"VAN";"VAN357";"Vanuatu autrement";"20";"Loin de l'agitation de la ville, ce séjour vous offrira une ambiance calme. Forêts, plages et parcs animaliers vous attendent pour une détente absolue, dans une ambiance familiale.";"Hôtel 5 étoiles avec accès direct sur la plage"
"VEN";"VEN163";"Caracas, l'éternelle";"20";"Cette ville aux secrets méconnus vous offrira un séjour de rêve. Selon vos envies, les rues vous révèleront leurs secrets. Chaque promenade sera une découverte.";"Hôtel 5 étoiles"
"VEN";"VEN230";"Venezuela autrement";"8";"Loin de l'agitation de la ville, ce séjour vous offrira une ambiance calme. Forêts, plages et parcs animaliers vous attendent pour une détente absolue, dans une ambiance familiale.";"Hôtel 5 étoiles"
"ZIM";"ZIM117";"Harare: ville incroyable";"7";"Destination majeure en Zimbabwe, la capitale offre un lieu animé pour vos vacances. Selon vos envies, les rues vous révèleront leurs secrets. Chaque promenade sera une découverte.";"Hôtel 4 étoiles avec piscine"
"ZIM";"ZIM293";"Zimbabwe: bien plus que Harare";"7";"Découvrez une autre facette de la vie en Zimbabwe. Rapprochez-vous de la nature spécifique du lieu. Au coeur de la plus belle région du pays, votre esprit s'évadera au rythme des visites atypiques à la rencontre des gens du lieu.";"Bungalow luxueux dans un parc arboré"
