"Code Voyage";"Date Départ";"Ville Départ";"Tarif";"Transport"
"AFR251";"2014-03-15";"Nantes";"7080";"vol régulier (Air Afrique du Sud)"
"AFR251";"2014-03-15";"Lyon";"7655";"Air France"
"AFR251";"2014-03-22";"Marseille";"6805";"vol régulier (Air Afrique du Sud)"
"AFR251";"2014-03-29";"Paris";"6775";"Air France"
"AFR251";"2014-03-29";"Paris";"7650";"Air Afrique du Sud"
"AFR318";"2014-03-15";"Bordeaux";"5105";"vol régulier (Air France)"
"AFR318";"2014-03-22";"Bordeaux";"5380";"vol régulier"
"AFR318";"2014-03-29";"Nantes";"5695";"nous consulter"
"AFR318";"2014-03-29";"Toulouse";"4980";"vol régulier (Air France)"
"AFR514";"2014-03-15";"Nantes";"4685";"Air France"
"AFR514";"2014-03-29";"Marseille";"4930";"nous consulter"
"AFR514";"2014-03-29";"Nantes";"4270";"vol régulier (Air Afrique du Sud)"
"ALB198";"2014-03-01";"Marseille";"5925";"vol régulier"
"ALB198";"2014-03-01";"Toulouse";"5990";"vol régulier (Air France)"
"ALB198";"2014-03-15";"Paris";"5715";"vol régulier (Air Albanie)"
"ALB198";"2014-04-05";"Bordeaux";"5640";"vol régulier (Air Albanie)"
"ALB198";"2014-04-26";"Paris";"5880";"Air Albanie"
"ALB234";"2014-03-22";"Nantes";"6280";"nous consulter"
"ALB234";"2014-03-22";"Toulouse";"6750";"Air Albanie"
"ALB234";"2014-04-05";"Marseille";"6370";"Air Albanie"
"ALB392";"2014-03-01";"Nantes";"3715";"vol régulier (Air France)"
"ALB392";"2014-03-08";"Lyon";"4180";"Air France"
"ALG172";"2014-03-01";"Nantes";"5410";"vol régulier (Air Algérie)"
"ALG172";"2014-03-01";"Nantes";"5950";"Air Algérie"
"ALG172";"2014-03-08";"Paris";"6210";"Air Algérie"
"ALG172";"2014-03-08";"Nantes";"5510";"vol régulier (Air Algérie)"
"ALG370";"2014-03-01";"Paris";"5225";"nous consulter"
"ALG370";"2014-03-15";"Toulouse";"5805";"Air France"
"ALG370";"2014-03-15";"Nantes";"5865";"vol régulier"
"ALG543";"2014-03-15";"Bordeaux";"6865";"vol régulier"
"ALG543";"2014-03-15";"Lyon";"6410";"Air Algérie"
"ALG543";"2014-04-05";"Lyon";"6910";"Air Algérie"
"ALG543";"2014-04-12";"Bordeaux";"6140";"nous consulter"
"ALG543";"2014-04-19";"Nantes";"6740";"Air Algérie"
"ALL269";"2014-03-15";"Marseille";"7350";"Air France"
"ALL269";"2014-03-15";"Marseille";"7030";"Air France"
"ALL335";"2014-03-15";"Toulouse";"7825";"vol régulier"
"ALL335";"2014-03-22";"Toulouse";"7135";"vol régulier"
"ALL410";"2014-03-08";"Lyon";"4570";"vol régulier (Air France)"
"ALL410";"2014-03-29";"Bordeaux";"4455";"Air France"
"ALL410";"2014-03-29";"Marseille";"4540";"Air France"
"AND166";"2014-03-15";"Bordeaux";"3565";"vol régulier"
"AND166";"2014-03-15";"Lyon";"3465";"nous consulter"
"AND166";"2014-04-05";"Nantes";"3050";"Air France"
"AND166";"2014-04-26";"Marseille";"3520";"vol régulier (Air France)"
"AND166";"2014-05-10";"Toulouse";"2960";"vol régulier (Air Andorre)"
"AND280";"2014-03-15";"Bordeaux";"5690";"Air France"
"AND280";"2014-03-29";"Bordeaux";"5475";"nous consulter"
"AND472";"2014-03-08";"Nantes";"2800";"vol régulier (Air France)"
"AND472";"2014-03-29";"Paris";"3400";"vol régulier (Air Andorre)"
"AND472";"2014-04-19";"Lyon";"3500";"nous consulter"
"ANG137";"2014-03-22";"Lyon";"5215";"Air Angola"
"ANG137";"2014-03-29";"Bordeaux";"5295";"Air Angola"
"ANG137";"2014-03-29";"Nantes";"4985";"Air France"
"ANG137";"2014-04-05";"Paris";"5320";"vol régulier (Air Angola)"
"ANG302";"2014-03-01";"Bordeaux";"3745";"Air Angola"
"ANG302";"2014-03-08";"Nantes";"4200";"Air France"
"ANG302";"2014-03-08";"Toulouse";"3955";"vol régulier (Air France)"
"ANG302";"2014-03-22";"Nantes";"4070";"vol régulier"
"ANG302";"2014-04-05";"Marseille";"3465";"vol régulier"
"ANG453";"2014-03-08";"Lyon";"3835";"nous consulter"
"ANG453";"2014-03-22";"Nantes";"3960";"vol régulier (Air France)"
"ANG453";"2014-03-29";"Lyon";"3255";"vol régulier (Air Angola)"
"ARG207";"2014-03-15";"Bordeaux";"3865";"nous consulter"
"ARG207";"2014-03-29";"Marseille";"3675";"Air Argentine"
"ARG372";"2014-03-22";"Marseille";"3285";"nous consulter"
"ARG372";"2014-03-22";"Bordeaux";"3115";"vol régulier (Air Argentine)"
"ARG399";"2014-03-15";"Marseille";"4175";"vol régulier"
"ARG399";"2014-03-22";"Marseille";"4185";"Air France"
"ARG399";"2014-04-05";"Bordeaux";"4080";"vol régulier"
"ARG399";"2014-04-05";"Bordeaux";"4380";"Air Argentine"
"ARG399";"2014-04-12";"Nantes";"4250";"nous consulter"
"ARM193";"2014-03-22";"Lyon";"2795";"nous consulter"
"ARM193";"2014-03-29";"Nantes";"3510";"vol régulier"
"ARM193";"2014-04-12";"Paris";"3415";"vol régulier (Air France)"
"ARM296";"2014-03-22";"Nantes";"4120";"vol régulier"
"ARM296";"2014-04-12";"Lyon";"3970";"vol régulier"
"ARM296";"2014-04-12";"Toulouse";"3630";"vol régulier (Air France)"
"ARM296";"2014-05-03";"Lyon";"4380";"vol régulier (Air France)"
"ARM296";"2014-05-10";"Marseille";"4595";"vol régulier"
"ARM370";"2014-03-15";"Nantes";"4625";"vol régulier (Air Arménie)"
"ARM370";"2014-03-15";"Toulouse";"4195";"vol régulier (Air France)"
"ARM370";"2014-03-15";"Toulouse";"4055";"vol régulier (Air France)"
"ARM370";"2014-03-29";"Lyon";"4125";"vol régulier (Air France)"
"AUS179";"2014-03-22";"Lyon";"5590";"Air France"
"AUS179";"2014-04-12";"Toulouse";"5630";"nous consulter"
"AUS179";"2014-05-03";"Nantes";"5450";"Air Australie"
"AUS179";"2014-05-03";"Marseille";"5775";"vol régulier (Air France)"
"AUS179";"2014-05-24";"Toulouse";"5720";"vol régulier"
"AUS230";"2014-03-15";"Bordeaux";"7575";"vol régulier (Air Australie)"
"AUS230";"2014-04-05";"Toulouse";"7450";"nous consulter"
"AUS266";"2014-03-22";"Marseille";"8735";"Air France"
"AUS266";"2014-03-22";"Paris";"8165";"Air Australie"
"AUS266";"2014-03-22";"Paris";"8150";"vol régulier"
"AUS266";"2014-03-29";"Marseille";"9045";"vol régulier (Air France)"
"AUT298";"2014-03-08";"Paris";"2495";"Air France"
"AUT298";"2014-03-08";"Paris";"2980";"nous consulter"
"AUT298";"2014-03-08";"Bordeaux";"2865";"Air Autriche"
"AUT298";"2014-03-15";"Toulouse";"3020";"vol régulier (Air Autriche)"
"AUT461";"2014-03-15";"Toulouse";"5570";"nous consulter"
"AUT461";"2014-04-05";"Lyon";"5085";"vol régulier (Air Autriche)"
"AUT461";"2014-04-05";"Bordeaux";"5795";"Air Autriche"
"AUT461";"2014-04-05";"Lyon";"5035";"vol régulier"
"AUT558";"2014-03-22";"Paris";"4580";"nous consulter"
"AUT558";"2014-03-22";"Marseille";"4060";"vol régulier (Air France)"
"AZE207";"2014-03-01";"Bordeaux";"5845";"vol régulier (Air France)"
"AZE207";"2014-03-22";"Toulouse";"6300";"Air Azerbaïdjan"
"AZE207";"2014-04-12";"Bordeaux";"6355";"vol régulier (Air Azerbaïdjan)"
"AZE207";"2014-04-26";"Nantes";"6255";"Air Azerbaïdjan"
"AZE207";"2014-05-17";"Lyon";"5890";"vol régulier"
"AZE370";"2014-03-22";"Bordeaux";"5960";"Air Azerbaïdjan"
"AZE370";"2014-03-22";"Paris";"6490";"vol régulier (Air Azerbaïdjan)"
"AZE370";"2014-03-22";"Nantes";"6825";"vol régulier (Air France)"
"AZE370";"2014-03-29";"Lyon";"6535";"Air Azerbaïdjan"
"AZE460";"2014-03-22";"Lyon";"5295";"vol régulier (Air Azerbaïdjan)"
"AZE460";"2014-04-05";"Lyon";"5680";"vol régulier"
"AZE460";"2014-04-05";"Toulouse";"5380";"vol régulier"
"AZE460";"2014-04-19";"Nantes";"5405";"vol régulier (Air Azerbaïdjan)"
"AZE460";"2014-05-10";"Paris";"5870";"nous consulter"
"BAH276";"2014-03-22";"Bordeaux";"5990";"Air France"
"BAH276";"2014-04-12";"Toulouse";"6805";"vol régulier (Air France)"
"BAH276";"2014-05-03";"Marseille";"6910";"vol régulier (Air Bahama)"
"BAH276";"2014-05-03";"Nantes";"6500";"Air Bahama"
"BAH383";"2014-03-22";"Paris";"5450";"Air France"
"BAH383";"2014-04-12";"Bordeaux";"5595";"Air France"
"BAH445";"2014-03-15";"Marseille";"4990";"vol régulier (Air Bahama)"
"BAH445";"2014-03-22";"Lyon";"4985";"vol régulier"
"BAH445";"2014-04-05";"Paris";"5390";"vol régulier"
"BAN205";"2014-03-01";"Toulouse";"6655";"vol régulier"
"BAN205";"2014-03-22";"Lyon";"6410";"vol régulier (Air France)"
"BAN205";"2014-04-05";"Toulouse";"6505";"vol régulier"
"BAN205";"2014-04-05";"Paris";"6120";"vol régulier"
"BAN205";"2014-04-05";"Toulouse";"5920";"Air France"
"BAN386";"2014-03-08";"Lyon";"3990";"Air France"
"BAN386";"2014-03-08";"Nantes";"4210";"Air France"
"BAN386";"2014-03-29";"Paris";"3605";"vol régulier (Air Bangladesh)"
"BAN386";"2014-04-05";"Bordeaux";"3615";"vol régulier (Air Bangladesh)"
"BAN422";"2014-03-22";"Paris";"2860";"vol régulier (Air France)"
"BAN422";"2014-04-12";"Lyon";"2660";"vol régulier (Air France)"
"BAN422";"2014-04-26";"Lyon";"2665";"vol régulier"
"BAN422";"2014-05-10";"Toulouse";"3005";"nous consulter"
"BAR128";"2014-03-15";"Paris";"5930";"Air France"
"BAR128";"2014-03-15";"Paris";"5865";"Air France"
"BAR211";"2014-03-22";"Paris";"4585";"nous consulter"
"BAR211";"2014-03-29";"Lyon";"4425";"vol régulier"
"BAR211";"2014-04-12";"Marseille";"4800";"vol régulier"
"BAR211";"2014-04-12";"Bordeaux";"4305";"Air Barbade"
"BAR211";"2014-05-03";"Lyon";"4135";"vol régulier"
"BAR309";"2014-03-01";"Paris";"5855";"Air France"
"BAR309";"2014-03-22";"Lyon";"5895";"vol régulier (Air Barbade)"
"BEL292";"2014-03-22";"Nantes";"2745";"vol régulier (Air France)"
"BEL292";"2014-04-12";"Bordeaux";"2810";"vol régulier (Air Belgique)"
"BEL292";"2014-04-12";"Lyon";"2635";"vol régulier (Air Belgique)"
"BEL292";"2014-04-19";"Marseille";"2465";"Air Belgique"
"BEL292";"2014-04-19";"Bordeaux";"2600";"Air France"
"BEL324";"2014-03-22";"Nantes";"3130";"Air Belgique"
"BEL324";"2014-04-05";"Nantes";"2515";"vol régulier (Air Belgique)"
"BEL508";"2014-03-15";"Lyon";"6390";"vol régulier (Air Belgique)"
"BEL508";"2014-03-29";"Nantes";"6465";"vol régulier (Air Belgique)"
"BEL508";"2014-04-12";"Bordeaux";"6125";"Air France"
"BEL508";"2014-05-03";"Lyon";"6430";"vol régulier (Air Belgique)"
"BEL508";"2014-05-24";"Nantes";"6440";"Air France"
"BEN213";"2014-03-08";"Nantes";"4385";"nous consulter"
"BEN213";"2014-03-22";"Nantes";"4535";"Air Bénin"
"BEN213";"2014-03-29";"Bordeaux";"4295";"nous consulter"
"BEN213";"2014-03-29";"Paris";"4540";"vol régulier (Air France)"
"BEN213";"2014-04-19";"Toulouse";"4755";"vol régulier"
"BEN392";"2014-03-08";"Nantes";"7285";"nous consulter"
"BEN392";"2014-03-08";"Paris";"7750";"nous consulter"
"BEN392";"2014-03-15";"Bordeaux";"7560";"nous consulter"
"BEN392";"2014-03-22";"Toulouse";"7760";"Air France"
"BEN392";"2014-03-22";"Bordeaux";"8115";"Air France"
"BEN465";"2014-03-22";"Bordeaux";"3460";"nous consulter"
"BEN465";"2014-03-22";"Toulouse";"3030";"vol régulier (Air Bénin)"
"BEN465";"2014-03-22";"Paris";"3430";"vol régulier (Air France)"
"BER221";"2014-03-08";"Nantes";"5610";"vol régulier (Air Bermudes)"
"BER221";"2014-03-15";"Toulouse";"5795";"Air Bermudes"
"BER221";"2014-03-15";"Marseille";"4940";"Air France"
"BER221";"2014-04-05";"Marseille";"5170";"Air France"
"BER221";"2014-04-19";"Toulouse";"5110";"vol régulier (Air Bermudes)"
"BER361";"2014-03-15";"Nantes";"3630";"Air France"
"BER361";"2014-04-05";"Bordeaux";"3690";"nous consulter"
"BER361";"2014-04-19";"Bordeaux";"3570";"Air Bermudes"
"BER361";"2014-04-19";"Bordeaux";"3935";"Air France"
"BER514";"2014-03-01";"Bordeaux";"5950";"vol régulier (Air Bermudes)"
"BER514";"2014-03-15";"Toulouse";"6520";"vol régulier"
"BER514";"2014-03-15";"Marseille";"5985";"Air Bermudes"
"BER514";"2014-03-22";"Lyon";"6180";"Air France"
"BHO201";"2014-03-08";"Paris";"5595";"vol régulier (Air France)"
"BHO201";"2014-03-15";"Lyon";"5465";"vol régulier"
"BHO201";"2014-03-22";"Marseille";"5350";"Air Bhoutan"
"BHO301";"2014-03-15";"Marseille";"5580";"Air Bhoutan"
"BHO301";"2014-04-05";"Bordeaux";"6460";"Air Bhoutan"
"BHO419";"2014-03-01";"Lyon";"2555";"Air France"
"BHO419";"2014-03-22";"Lyon";"2360";"Air France"
"BHO419";"2014-04-12";"Marseille";"2560";"vol régulier"
"BIE150";"2014-03-15";"Marseille";"7060";"vol régulier (Air Biélorussie)"
"BIE150";"2014-04-05";"Paris";"6580";"Air France"
"BIE203";"2014-03-15";"Lyon";"3955";"nous consulter"
"BIE203";"2014-04-05";"Bordeaux";"3920";"vol régulier"
"BIE203";"2014-04-12";"Paris";"4205";"vol régulier"
"BIE203";"2014-04-12";"Bordeaux";"3845";"Air Biélorussie"
"BIE325";"2014-03-22";"Toulouse";"5945";"vol régulier (Air Biélorussie)"
"BIE325";"2014-04-12";"Paris";"6065";"vol régulier"
"BOL242";"2014-03-15";"Bordeaux";"4335";"vol régulier"
"BOL242";"2014-03-22";"Marseille";"5130";"nous consulter"
"BOL242";"2014-04-05";"Lyon";"4365";"vol régulier"
"BOL242";"2014-04-05";"Paris";"4825";"nous consulter"
"BOL403";"2014-03-01";"Nantes";"6015";"nous consulter"
"BOL403";"2014-03-22";"Nantes";"6025";"Air Bolivie"
"BOL403";"2014-03-22";"Marseille";"5960";"nous consulter"
"BOL403";"2014-04-12";"Paris";"6300";"vol régulier (Air Bolivie)"
"BOL403";"2014-04-19";"Marseille";"5685";"Air Bolivie"
"BOL466";"2014-03-22";"Nantes";"5375";"vol régulier (Air France)"
"BOL466";"2014-04-12";"Paris";"5985";"Air Bolivie"
"BOL466";"2014-04-19";"Lyon";"5815";"vol régulier (Air France)"
"BOL466";"2014-04-19";"Paris";"5615";"vol régulier"
"BOL466";"2014-04-19";"Lyon";"6010";"Air Bolivie"
"BOT257";"2014-03-22";"Toulouse";"5040";"vol régulier"
"BOT257";"2014-04-05";"Bordeaux";"5585";"vol régulier"
"BOT257";"2014-04-05";"Marseille";"5530";"Air France"
"BOT305";"2014-03-15";"Paris";"5425";"vol régulier (Air Botswana)"
"BOT305";"2014-03-29";"Bordeaux";"5250";"nous consulter"
"BOT305";"2014-03-29";"Lyon";"5565";"Air Botswana"
"BOT305";"2014-03-29";"Marseille";"5550";"vol régulier (Air France)"
"BOT305";"2014-03-29";"Paris";"5185";"vol régulier (Air Botswana)"
"BOT457";"2014-03-01";"Bordeaux";"6330";"vol régulier"
"BOT457";"2014-03-22";"Lyon";"5715";"vol régulier (Air Botswana)"
"BOT457";"2014-03-22";"Bordeaux";"6050";"Air France"
"BRE195";"2014-03-08";"Marseille";"3940";"Air Brésil"
"BRE195";"2014-03-29";"Toulouse";"3870";"Air France"
"BRE195";"2014-04-05";"Nantes";"3415";"vol régulier (Air Brésil)"
"BRE195";"2014-04-05";"Paris";"3985";"Air Brésil"
"BRE195";"2014-04-05";"Bordeaux";"4135";"vol régulier"
"BRE296";"2014-03-22";"Paris";"4800";"vol régulier (Air France)"
"BRE296";"2014-03-29";"Lyon";"5430";"vol régulier (Air France)"
"BRE393";"2014-03-22";"Marseille";"5705";"Air France"
"BRE393";"2014-04-05";"Bordeaux";"5815";"nous consulter"
"BUL240";"2014-03-08";"Nantes";"4000";"nous consulter"
"BUL240";"2014-03-22";"Nantes";"3825";"vol régulier"
"BUL240";"2014-04-12";"Marseille";"3790";"vol régulier (Air Bulgarie)"
"BUL240";"2014-05-03";"Bordeaux";"3685";"vol régulier (Air Bulgarie)"
"BUL240";"2014-05-10";"Bordeaux";"4270";"vol régulier"
"BUL402";"2014-03-22";"Paris";"3430";"vol régulier (Air Bulgarie)"
"BUL402";"2014-03-29";"Bordeaux";"3500";"nous consulter"
"BUL533";"2014-03-22";"Nantes";"6135";"Air France"
"BUL533";"2014-04-12";"Toulouse";"6035";"vol régulier"
"BUR221";"2014-03-08";"Bordeaux";"2840";"Air France"
"BUR221";"2014-03-15";"Marseille";"2505";"vol régulier (Air Burkina Faso)"
"BUR221";"2014-04-05";"Bordeaux";"3080";"Air Burkina Faso"
"BUR309";"2014-03-22";"Toulouse";"4900";"Air Burkina Faso"
"BUR309";"2014-03-22";"Paris";"5115";"Air France"
"BUR461";"2014-03-08";"Paris";"8620";"Air France"
"BUR461";"2014-03-29";"Paris";"8495";"vol régulier (Air France)"
"BUR461";"2014-03-29";"Lyon";"8590";"Air Burkina Faso"
"CAI211";"2014-03-15";"Paris";"3455";"nous consulter"
"CAI211";"2014-03-15";"Marseille";"3270";"nous consulter"
"CAI284";"2014-03-22";"Marseille";"5355";"Air France"
"CAI284";"2014-03-22";"Toulouse";"4965";"nous consulter"
"CAI284";"2014-03-22";"Lyon";"5080";"Air Caïmans"
"CAI284";"2014-03-22";"Lyon";"4535";"nous consulter"
"CAI459";"2014-03-22";"Bordeaux";"3310";"Air Caïmans"
"CAI459";"2014-04-12";"Marseille";"3610";"Air France"
"CAM290";"2014-03-08";"Marseille";"5960";"vol régulier"
"CAM290";"2014-03-08";"Toulouse";"5985";"vol régulier"
"CAM290";"2014-03-29";"Nantes";"6720";"Air Cambodge"
"CAM439";"2014-03-22";"Toulouse";"6260";"nous consulter"
"CAM439";"2014-03-22";"Lyon";"5880";"vol régulier (Air France)"
"CAM439";"2014-03-22";"Lyon";"6235";"nous consulter"
"CAM439";"2014-03-22";"Paris";"6650";"nous consulter"
"CAM500";"2014-03-22";"Bordeaux";"3120";"vol régulier"
"CAM500";"2014-03-29";"Lyon";"2765";"vol régulier (Air France)"
"CAM500";"2014-04-19";"Nantes";"2600";"vol régulier (Air Cambodge)"
"CAM500";"2014-04-19";"Marseille";"2510";"vol régulier (Air Cambodge)"
"CAM500";"2014-05-03";"Bordeaux";"3165";"vol régulier (Air France)"
"CAN269";"2014-03-08";"Bordeaux";"4825";"vol régulier (Air France)"
"CAN269";"2014-03-08";"Marseille";"4685";"nous consulter"
"CAN269";"2014-03-22";"Paris";"4340";"Air Canada"
"CAN269";"2014-04-12";"Bordeaux";"4930";"vol régulier (Air France)"
"CAN269";"2014-04-12";"Toulouse";"5140";"vol régulier"
"CAN420";"2014-03-01";"Toulouse";"4855";"Air Canada"
"CAN420";"2014-03-22";"Marseille";"4500";"vol régulier"
"CAN420";"2014-04-05";"Bordeaux";"4490";"vol régulier"
"CAN451";"2014-03-08";"Paris";"3175";"Air Canada"
"CAN451";"2014-03-15";"Nantes";"2905";"Air France"
"CHL175";"2014-03-08";"Toulouse";"8430";"Air Chili"
"CHL175";"2014-03-22";"Bordeaux";"7735";"vol régulier (Air France)"
"CHL175";"2014-03-29";"Lyon";"8485";"nous consulter"
"CHL258";"2014-03-01";"Lyon";"3675";"vol régulier (Air Chili)"
"CHL258";"2014-03-15";"Marseille";"3955";"vol régulier"
"CHL258";"2014-04-05";"Bordeaux";"4230";"vol régulier"
"CHL281";"2014-03-08";"Toulouse";"3840";"nous consulter"
"CHL281";"2014-03-15";"Paris";"3890";"Air Chili"
"CHL281";"2014-03-29";"Nantes";"4490";"vol régulier (Air France)"
"CHL281";"2014-04-05";"Marseille";"4140";"vol régulier (Air Chili)"
"CHL281";"2014-04-19";"Lyon";"3850";"vol régulier (Air France)"
"CHI195";"2014-03-01";"Paris";"4530";"vol régulier"
"CHI195";"2014-03-08";"Toulouse";"4890";"vol régulier (Air Chine)"
"CHI195";"2014-03-08";"Lyon";"5000";"vol régulier"
"CHI195";"2014-03-08";"Nantes";"4495";"Air France"
"CHI374";"2014-03-01";"Paris";"8705";"vol régulier (Air France)"
"CHI374";"2014-03-22";"Paris";"8120";"Air France"
"CHI374";"2014-03-29";"Paris";"8750";"vol régulier (Air France)"
"CHI374";"2014-04-12";"Lyon";"8030";"Air France"
"CHI565";"2014-03-22";"Bordeaux";"6285";"vol régulier (Air France)"
"CHI565";"2014-03-29";"Nantes";"7105";"vol régulier (Air France)"
"TAI130";"2014-03-01";"Lyon";"7580";"nous consulter"
"TAI130";"2014-03-01";"Bordeaux";"7695";"vol régulier"
"TAI130";"2014-03-22";"Toulouse";"8270";"vol régulier (Air France)"
"TAI308";"2014-03-22";"Lyon";"5600";"nous consulter"
"TAI308";"2014-04-12";"Marseille";"4985";"Air France"
"TAI308";"2014-05-03";"Bordeaux";"5225";"Air France"
"TAI338";"2014-03-08";"Marseille";"4380";"vol régulier (Air France)"
"TAI338";"2014-03-08";"Marseille";"3520";"Air France"
"TAI338";"2014-03-22";"Paris";"4285";"Air France"
"TAI338";"2014-04-05";"Bordeaux";"4045";"Air Taïwan"
"TAI338";"2014-04-26";"Lyon";"3660";"Air Taïwan"
"CHY239";"2014-03-08";"Nantes";"4770";"vol régulier (Air Chypre)"
"CHY239";"2014-03-22";"Bordeaux";"4590";"Air Chypre"
"CHY239";"2014-04-12";"Toulouse";"4710";"Air France"
"CHY239";"2014-04-26";"Bordeaux";"5065";"vol régulier"
"CHY264";"2014-03-08";"Toulouse";"2560";"vol régulier"
"CHY264";"2014-03-15";"Bordeaux";"2480";"Air France"
"CHY401";"2014-03-15";"Lyon";"6840";"vol régulier"
"CHY401";"2014-03-29";"Marseille";"6435";"vol régulier"
"CHY401";"2014-04-05";"Bordeaux";"6805";"vol régulier (Air France)"
"CHY401";"2014-04-19";"Nantes";"6475";"vol régulier"
"COL173";"2014-03-15";"Paris";"8180";"Air France"
"COL173";"2014-04-05";"Marseille";"8765";"Air France"
"COL173";"2014-04-12";"Paris";"8445";"Air Colombie"
"COL173";"2014-04-12";"Bordeaux";"7980";"vol régulier (Air France)"
"COL173";"2014-04-26";"Paris";"7980";"Air Colombie"
"COL205";"2014-03-01";"Paris";"3645";"nous consulter"
"COL205";"2014-03-08";"Paris";"2690";"vol régulier (Air France)"
"COL205";"2014-03-15";"Nantes";"3590";"vol régulier"
"COL287";"2014-03-08";"Marseille";"5895";"vol régulier"
"COL287";"2014-03-29";"Bordeaux";"5870";"vol régulier (Air Colombie)"
"COL287";"2014-04-12";"Lyon";"5130";"vol régulier"
"COL287";"2014-04-26";"Bordeaux";"5705";"vol régulier (Air Colombie)"
"COR273";"2014-03-15";"Nantes";"2755";"vol régulier"
"COR273";"2014-03-15";"Nantes";"2700";"vol régulier (Air France)"
"COR273";"2014-03-22";"Bordeaux";"3305";"vol régulier"
"COR424";"2014-03-01";"Bordeaux";"4100";"vol régulier (Air France)"
"COR424";"2014-03-22";"Nantes";"3705";"vol régulier (Air Corée du Su)"
"COR424";"2014-03-29";"Toulouse";"3730";"vol régulier"
"COR424";"2014-03-29";"Bordeaux";"3620";"vol régulier"
"COR424";"2014-04-12";"Marseille";"3815";"Air France"
"COR603";"2014-03-22";"Paris";"5055";"nous consulter"
"COR603";"2014-03-22";"Marseille";"4485";"vol régulier"
"COS299";"2014-03-01";"Toulouse";"6935";"vol régulier (Air France)"
"COS299";"2014-03-15";"Bordeaux";"6420";"Air Costa Rica"
"COS299";"2014-03-15";"Lyon";"6200";"Air France"
"COS299";"2014-03-29";"Nantes";"6130";"vol régulier (Air France)"
"COS299";"2014-04-05";"Paris";"6165";"vol régulier (Air Costa Rica)"
"COS456";"2014-03-15";"Toulouse";"7115";"nous consulter"
"COS456";"2014-03-15";"Toulouse";"7610";"nous consulter"
"COS577";"2014-03-08";"Bordeaux";"5075";"vol régulier (Air France)"
"COS577";"2014-03-29";"Toulouse";"5440";"Air France"
"COS577";"2014-04-12";"Bordeaux";"4650";"vol régulier (Air France)"
"COT210";"2014-03-15";"Lyon";"4830";"vol régulier (Air Côte d'Ivoire)"
"COT210";"2014-04-05";"Toulouse";"4500";"Air France"
"COT210";"2014-04-12";"Nantes";"4685";"vol régulier (Air Côte d'Ivoire)"
"COT210";"2014-04-12";"Lyon";"4750";"Air France"
"COT331";"2014-03-08";"Toulouse";"2880";"Air France"
"COT331";"2014-03-29";"Toulouse";"3420";"vol régulier (Air Côte d'Ivoire)"
"COT331";"2014-04-19";"Paris";"3055";"Air Côte d'Ivoire"
"COT331";"2014-04-19";"Bordeaux";"3820";"Air France"
"COT416";"2014-03-08";"Bordeaux";"6145";"vol régulier (Air France)"
"COT416";"2014-03-22";"Bordeaux";"6225";"Air Côte d'Ivoire"
"CRO293";"2014-03-01";"Bordeaux";"5620";"Air France"
"CRO293";"2014-03-22";"Paris";"5650";"vol régulier (Air Croatie)"
"CRO293";"2014-04-05";"Nantes";"5325";"vol régulier (Air France)"
"CRO293";"2014-04-05";"Marseille";"6030";"Air France"
"CRO391";"2014-03-01";"Marseille";"6820";"vol régulier"
"CRO391";"2014-03-22";"Nantes";"6180";"vol régulier (Air Croatie)"
"CRO391";"2014-03-29";"Paris";"6390";"Air France"
"CRO391";"2014-04-05";"Nantes";"6990";"vol régulier (Air France)"
"CRO415";"2014-03-08";"Toulouse";"4745";"vol régulier (Air France)"
"CRO415";"2014-03-15";"Marseille";"4700";"vol régulier (Air Croatie)"
"CRO415";"2014-03-22";"Nantes";"4970";"Air France"
"CRO415";"2014-04-05";"Bordeaux";"4465";"nous consulter"
"CRO415";"2014-04-12";"Toulouse";"4180";"Air Croatie"
"CUB262";"2014-03-15";"Lyon";"4695";"vol régulier (Air Cuba)"
"CUB262";"2014-03-22";"Bordeaux";"5310";"vol régulier (Air Cuba)"
"CUB262";"2014-04-12";"Paris";"5190";"Air France"
"CUB262";"2014-04-26";"Paris";"5180";"Air France"
"CUB262";"2014-04-26";"Marseille";"4340";"nous consulter"
"CUB377";"2014-03-15";"Nantes";"5615";"vol régulier (Air Cuba)"
"CUB377";"2014-03-22";"Marseille";"5465";"vol régulier (Air Cuba)"
"CUB550";"2014-03-01";"Nantes";"3885";"nous consulter"
"CUB550";"2014-03-15";"Toulouse";"4215";"Air France"
"CUB550";"2014-03-22";"Lyon";"4185";"Air France"
"CUB550";"2014-03-29";"Bordeaux";"3655";"vol régulier (Air France)"
"CUB550";"2014-04-05";"Toulouse";"4330";"vol régulier"
"DAN146";"2014-03-15";"Lyon";"5515";"nous consulter"
"DAN146";"2014-04-05";"Lyon";"4910";"nous consulter"
"DAN146";"2014-04-05";"Lyon";"4920";"Air Danemark"
"DAN146";"2014-04-26";"Lyon";"5050";"vol régulier"
"DAN146";"2014-05-03";"Marseille";"4795";"Air Danemark"
"DAN316";"2014-03-08";"Toulouse";"6355";"vol régulier (Air France)"
"DAN316";"2014-03-15";"Nantes";"6175";"vol régulier"
"DAN316";"2014-04-05";"Lyon";"6565";"Air France"
"DAN316";"2014-04-05";"Marseille";"6475";"Air Danemark"
"DAN420";"2014-03-22";"Toulouse";"3755";"Air France"
"DAN420";"2014-04-12";"Nantes";"3345";"vol régulier"
"DJI235";"2014-03-08";"Bordeaux";"5270";"vol régulier (Air Djibouti)"
"DJI235";"2014-03-22";"Lyon";"5160";"Air France"
"DJI235";"2014-03-29";"Nantes";"5480";"vol régulier (Air Djibouti)"
"DJI235";"2014-04-05";"Nantes";"5245";"Air Djibouti"
"DJI235";"2014-04-05";"Bordeaux";"5135";"vol régulier"
"DJI281";"2014-03-15";"Nantes";"3920";"Air France"
"DJI281";"2014-03-15";"Bordeaux";"3840";"nous consulter"
"DJI281";"2014-03-29";"Nantes";"3490";"nous consulter"
"DJI404";"2014-03-01";"Marseille";"3785";"vol régulier (Air France)"
"DJI404";"2014-03-01";"Nantes";"3810";"vol régulier"
"DJI404";"2014-03-08";"Nantes";"3395";"vol régulier"
"DJI404";"2014-03-22";"Lyon";"3680";"vol régulier (Air France)"
"DJI404";"2014-04-05";"Toulouse";"3360";"nous consulter"
"DOM215";"2014-03-01";"Lyon";"4570";"vol régulier"
"DOM215";"2014-03-01";"Toulouse";"4880";"Air France"
"DOM215";"2014-03-01";"Bordeaux";"4595";"Air France"
"DOM215";"2014-03-15";"Toulouse";"4760";"vol régulier (Air Rép. Dominicaine)"
"DOM362";"2014-03-15";"Bordeaux";"3445";"Air France"
"DOM362";"2014-03-22";"Lyon";"3610";"Air France"
"DOM362";"2014-03-29";"Nantes";"3730";"Air Rép. Dominicaine"
"DOM362";"2014-04-19";"Marseille";"3460";"Air Rép. Dominicaine"
"DOM520";"2014-03-22";"Lyon";"5590";"Air Rép. Dominicaine"
"DOM520";"2014-03-22";"Toulouse";"5455";"vol régulier (Air Rép. Dominicaine)"
"EGY211";"2014-03-22";"Lyon";"6300";"Air Egypte"
"EGY211";"2014-04-05";"Lyon";"6175";"vol régulier (Air France)"
"EGY211";"2014-04-19";"Nantes";"6380";"vol régulier"
"EGY311";"2014-03-22";"Paris";"7180";"vol régulier (Air Egypte)"
"EGY311";"2014-03-29";"Paris";"7405";"vol régulier (Air Egypte)"
"EGY311";"2014-04-05";"Nantes";"6860";"vol régulier (Air Egypte)"
"EGY311";"2014-04-12";"Nantes";"7065";"vol régulier (Air Egypte)"
"EGY311";"2014-04-19";"Paris";"7040";"vol régulier (Air Egypte)"
"EGY406";"2014-03-01";"Lyon";"5515";"vol régulier (Air Egypte)"
"EGY406";"2014-03-01";"Bordeaux";"5605";"vol régulier (Air Egypte)"
"EGY406";"2014-03-15";"Lyon";"5315";"Air France"
"EGY406";"2014-03-29";"Toulouse";"5270";"Air France"
"EQU193";"2014-03-15";"Bordeaux";"5905";"vol régulier (Air Equateur)"
"EQU193";"2014-03-22";"Toulouse";"5970";"vol régulier (Air France)"
"EQU334";"2014-03-22";"Lyon";"7130";"vol régulier (Air France)"
"EQU334";"2014-04-12";"Paris";"7235";"Air Equateur"
"EQU334";"2014-04-12";"Marseille";"7405";"vol régulier (Air France)"
"EQU426";"2014-03-08";"Bordeaux";"3600";"Air Equateur"
"EQU426";"2014-03-08";"Paris";"3325";"vol régulier (Air France)"
"EQU426";"2014-03-29";"Toulouse";"3560";"Air Equateur"
"EQU426";"2014-04-12";"Marseille";"3075";"Air France"
"EQU426";"2014-05-03";"Nantes";"2730";"vol régulier (Air France)"
"ESP227";"2014-03-01";"Marseille";"4115";"Air France"
"ESP227";"2014-03-08";"Nantes";"4175";"vol régulier"
"ESP227";"2014-03-15";"Paris";"4125";"Air Espagne"
"ESP253";"2014-03-22";"Marseille";"3060";"nous consulter"
"ESP253";"2014-04-05";"Bordeaux";"3800";"Air France"
"ESP276";"2014-03-22";"Toulouse";"4645";"Air Espagne"
"ESP276";"2014-04-05";"Marseille";"4915";"vol régulier"
"EST295";"2014-03-08";"Lyon";"3930";"nous consulter"
"EST295";"2014-03-15";"Lyon";"3885";"nous consulter"
"EST295";"2014-03-22";"Marseille";"3900";"vol régulier"
"EST386";"2014-03-01";"Paris";"7885";"vol régulier (Air Estonie)"
"EST386";"2014-03-01";"Toulouse";"8155";"nous consulter"
"EST386";"2014-03-22";"Bordeaux";"8110";"vol régulier (Air Estonie)"
"EST386";"2014-04-12";"Marseille";"7740";"Air Estonie"
"EST582";"2014-03-22";"Nantes";"5375";"vol régulier"
"EST582";"2014-04-05";"Toulouse";"5800";"vol régulier (Air France)"
"EST582";"2014-04-12";"Bordeaux";"5335";"nous consulter"
"EST582";"2014-05-03";"Toulouse";"5790";"Air France"
"USA242";"2014-03-08";"Paris";"8905";"vol régulier (Air Etats-Unis)"
"USA242";"2014-03-08";"Toulouse";"8795";"Air Etats-Unis"
"USA316";"2014-03-01";"Lyon";"5345";"Air France"
"USA316";"2014-03-01";"Bordeaux";"5605";"nous consulter"
"USA316";"2014-03-01";"Lyon";"5865";"Air Etats-Unis"
"USA316";"2014-03-08";"Nantes";"5235";"nous consulter"
"USA316";"2014-03-15";"Paris";"5815";"vol régulier (Air Etats-Unis)"
"USA470";"2014-03-08";"Marseille";"4355";"vol régulier"
"USA470";"2014-03-29";"Toulouse";"4905";"Air Etats-Unis"
"USA470";"2014-03-29";"Lyon";"4775";"vol régulier (Air France)"
"FAL160";"2014-03-08";"Bordeaux";"3965";"vol régulier (Air France)"
"FAL160";"2014-03-29";"Marseille";"3580";"vol régulier"
"FAL160";"2014-04-05";"Marseille";"3885";"nous consulter"
"FAL160";"2014-04-26";"Nantes";"3365";"Air Iles Falkland"
"FAL260";"2014-03-22";"Toulouse";"3355";"nous consulter"
"FAL260";"2014-03-29";"Nantes";"3680";"vol régulier (Air France)"
"FAL260";"2014-04-05";"Bordeaux";"3940";"vol régulier"
"FAL260";"2014-04-26";"Lyon";"3970";"vol régulier (Air France)"
"FAL260";"2014-05-17";"Paris";"3940";"nous consulter"
"FAL297";"2014-03-15";"Marseille";"4665";"vol régulier (Air Iles Falkland)"
"FAL297";"2014-03-15";"Toulouse";"4945";"vol régulier (Air France)"
"FAL297";"2014-03-29";"Paris";"4955";"vol régulier (Air Iles Falkland)"
"FIN162";"2014-03-15";"Paris";"3450";"nous consulter"
"FIN162";"2014-03-22";"Paris";"3710";"vol régulier (Air France)"
"FIN272";"2014-03-22";"Marseille";"4440";"vol régulier"
"FIN272";"2014-03-22";"Bordeaux";"4530";"vol régulier"
"FIN272";"2014-03-29";"Paris";"4745";"nous consulter"
"FIN272";"2014-04-19";"Toulouse";"4290";"vol régulier (Air Finlande)"
"FIN456";"2014-03-15";"Toulouse";"3030";"Air France"
"FIN456";"2014-04-05";"Nantes";"3440";"vol régulier"
"FRA218";"2014-03-01";"Bordeaux";"7110";"Air France"
"FRA218";"2014-03-15";"Paris";"6650";"vol régulier (Air France)"
"FRA218";"2014-03-22";"Nantes";"7155";"Air France"
"FRA218";"2014-03-29";"Lyon";"7135";"vol régulier (Air France)"
"FRA218";"2014-04-19";"Nantes";"6960";"Air France"
"FRA410";"2014-03-15";"Nantes";"5580";"vol régulier"
"FRA410";"2014-03-15";"Marseille";"4945";"nous consulter"
"FRA410";"2014-04-05";"Marseille";"5230";"Air France"
"FRA410";"2014-04-19";"Paris";"5070";"nous consulter"
"FRA410";"2014-05-03";"Paris";"5405";"vol régulier"
"FRA487";"2014-03-01";"Nantes";"6580";"nous consulter"
"FRA487";"2014-03-08";"Bordeaux";"6505";"Air France"
"FRA487";"2014-03-22";"Marseille";"6010";"nous consulter"
"GRE144";"2014-03-15";"Nantes";"6425";"vol régulier"
"GRE144";"2014-03-29";"Paris";"6970";"vol régulier (Air Grèce)"
"GRE144";"2014-03-29";"Marseille";"6660";"Air Grèce"
"GRE171";"2014-03-08";"Toulouse";"5915";"vol régulier (Air Grèce)"
"GRE171";"2014-03-15";"Paris";"5675";"Air Grèce"
"GRE367";"2014-03-08";"Toulouse";"1920";"vol régulier (Air France)"
"GRE367";"2014-03-15";"Paris";"1775";"nous consulter"
"GUA202";"2014-03-15";"Nantes";"6810";"vol régulier (Air France)"
"GUA202";"2014-03-15";"Paris";"6105";"vol régulier (Air Guatemala)"
"GUA202";"2014-03-29";"Toulouse";"6255";"Air Guatemala"
"GUA232";"2014-03-15";"Lyon";"5655";"Air Guatemala"
"GUA232";"2014-03-15";"Bordeaux";"5865";"Air Guatemala"
"GUA232";"2014-03-22";"Marseille";"5095";"Air Guatemala"
"GUA232";"2014-04-12";"Nantes";"5260";"Air Guatemala"
"GUA362";"2014-03-15";"Marseille";"2630";"vol régulier"
"GUA362";"2014-03-22";"Nantes";"2495";"Air France"
"GUA362";"2014-03-22";"Paris";"2730";"Air Guatemala"
"GUA362";"2014-04-12";"Paris";"2675";"Air Guatemala"
"GUA362";"2014-04-26";"Lyon";"2460";"vol régulier (Air France)"
"HON195";"2014-03-15";"Marseille";"3300";"Air Hongrie"
"HON195";"2014-03-15";"Bordeaux";"3805";"vol régulier"
"HON195";"2014-03-29";"Toulouse";"3425";"vol régulier"
"HON228";"2014-03-22";"Bordeaux";"5230";"Air France"
"HON228";"2014-04-12";"Toulouse";"5120";"nous consulter"
"HON299";"2014-03-22";"Marseille";"4135";"nous consulter"
"HON299";"2014-04-12";"Toulouse";"3760";"vol régulier (Air France)"
"HON299";"2014-04-19";"Bordeaux";"4200";"vol régulier (Air Hongrie)"
"HON299";"2014-05-10";"Nantes";"3790";"vol régulier"
"IND204";"2014-03-01";"Paris";"5140";"vol régulier"
"IND204";"2014-03-15";"Bordeaux";"5050";"vol régulier"
"IND204";"2014-03-15";"Toulouse";"4915";"nous consulter"
"IND204";"2014-04-05";"Lyon";"4865";"Air Inde"
"IND204";"2014-04-12";"Bordeaux";"5330";"vol régulier (Air France)"
"IND294";"2014-03-01";"Bordeaux";"5515";"Air France"
"IND294";"2014-03-22";"Bordeaux";"5860";"Air France"
"IND294";"2014-03-22";"Nantes";"5225";"vol régulier"
"IND468";"2014-03-22";"Bordeaux";"5700";"nous consulter"
"IND468";"2014-03-29";"Nantes";"6025";"nous consulter"
"IND468";"2014-03-29";"Marseille";"5965";"nous consulter"
"IRL199";"2014-03-08";"Toulouse";"3665";"vol régulier (Air France)"
"IRL199";"2014-03-29";"Marseille";"3595";"vol régulier"
"IRL199";"2014-04-19";"Bordeaux";"4035";"Air France"
"IRL313";"2014-03-08";"Bordeaux";"3690";"Air Irlande"
"IRL313";"2014-03-29";"Lyon";"3510";"vol régulier (Air France)"
"IRL313";"2014-04-05";"Toulouse";"3890";"vol régulier"
"IRL385";"2014-03-01";"Nantes";"6220";"Air Irlande"
"IRL385";"2014-03-01";"Toulouse";"6745";"vol régulier"
"IRL385";"2014-03-01";"Marseille";"6385";"vol régulier (Air Irlande)"
"IRL385";"2014-03-08";"Paris";"6665";"vol régulier (Air France)"
"ISL278";"2014-03-15";"Nantes";"6120";"nous consulter"
"ISL278";"2014-03-22";"Toulouse";"6130";"Air Islande"
"ISL278";"2014-04-12";"Marseille";"6370";"vol régulier (Air Islande)"
"ISL278";"2014-04-26";"Lyon";"5775";"Air Islande"
"ISL415";"2014-03-22";"Bordeaux";"3355";"nous consulter"
"ISL415";"2014-03-22";"Bordeaux";"2695";"vol régulier"
"ISL573";"2014-03-08";"Lyon";"7175";"nous consulter"
"ISL573";"2014-03-08";"Toulouse";"7695";"nous consulter"
"ISR119";"2014-03-08";"Nantes";"6330";"vol régulier (Air Israël)"
"ISR119";"2014-03-15";"Nantes";"6750";"vol régulier"
"ISR119";"2014-04-05";"Lyon";"6575";"nous consulter"
"ISR180";"2014-03-08";"Nantes";"4645";"Air France"
"ISR180";"2014-03-15";"Marseille";"4725";"nous consulter"
"ISR180";"2014-04-05";"Lyon";"5480";"Air Israël"
"ISR267";"2014-03-22";"Bordeaux";"5185";"nous consulter"
"ISR267";"2014-03-22";"Nantes";"4785";"vol régulier (Air Israël)"
"ISR267";"2014-04-05";"Lyon";"4885";"Air France"
"ISR267";"2014-04-12";"Marseille";"5190";"vol régulier (Air Israël)"
"ITA288";"2014-03-01";"Bordeaux";"7965";"vol régulier"
"ITA288";"2014-03-08";"Marseille";"8400";"Air Italie"
"ITA288";"2014-03-08";"Nantes";"7675";"nous consulter"
"ITA288";"2014-03-22";"Paris";"7780";"vol régulier"
"ITA470";"2014-03-22";"Toulouse";"7040";"nous consulter"
"ITA470";"2014-04-12";"Lyon";"7290";"vol régulier (Air Italie)"
"ITA621";"2014-03-08";"Nantes";"8930";"nous consulter"
"ITA621";"2014-03-29";"Lyon";"8840";"vol régulier"
"ITA621";"2014-04-19";"Lyon";"8810";"vol régulier (Air France)"
"ITA621";"2014-04-26";"Lyon";"9025";"Air France"
"JAM121";"2014-03-22";"Nantes";"3970";"vol régulier"
"JAM121";"2014-03-22";"Toulouse";"3185";"vol régulier"
"JAM183";"2014-03-01";"Marseille";"3215";"vol régulier (Air France)"
"JAM183";"2014-03-15";"Paris";"3315";"Air France"
"JAM271";"2014-03-01";"Toulouse";"2275";"nous consulter"
"JAM271";"2014-03-15";"Nantes";"3120";"nous consulter"
"JAP175";"2014-03-01";"Toulouse";"6455";"vol régulier (Air Japon)"
"JAP175";"2014-03-08";"Nantes";"5825";"Air France"
"JAP243";"2014-03-01";"Marseille";"5105";"vol régulier (Air Japon)"
"JAP243";"2014-03-15";"Lyon";"4905";"vol régulier (Air Japon)"
"JAP243";"2014-03-15";"Marseille";"4460";"vol régulier (Air France)"
"JAP243";"2014-03-15";"Paris";"4795";"vol régulier (Air France)"
"JAP324";"2014-03-08";"Bordeaux";"8525";"Air France"
"JAP324";"2014-03-29";"Marseille";"8590";"vol régulier (Air France)"
"JOR263";"2014-03-15";"Paris";"2880";"vol régulier"
"JOR263";"2014-03-29";"Nantes";"2965";"Air France"
"JOR285";"2014-03-08";"Bordeaux";"3945";"Air France"
"JOR285";"2014-03-22";"Lyon";"3500";"Air France"
"JOR285";"2014-03-29";"Marseille";"3595";"Air France"
"JOR285";"2014-04-05";"Toulouse";"3120";"Air Jordanie"
"JOR285";"2014-04-05";"Marseille";"3370";"vol régulier (Air Jordanie)"
"JOR456";"2014-03-22";"Paris";"4050";"vol régulier"
"JOR456";"2014-03-22";"Marseille";"3955";"vol régulier"
"JOR456";"2014-04-12";"Lyon";"3275";"nous consulter"
"JOR456";"2014-04-19";"Marseille";"4055";"Air Jordanie"
"JOR456";"2014-04-19";"Marseille";"4030";"vol régulier"
"LET228";"2014-03-22";"Bordeaux";"3955";"nous consulter"
"LET228";"2014-04-05";"Toulouse";"3765";"vol régulier (Air France)"
"LET228";"2014-04-26";"Nantes";"3770";"Air Lettonie"
"LET228";"2014-05-10";"Marseille";"4365";"vol régulier"
"LET228";"2014-05-17";"Toulouse";"3950";"Air Lettonie"
"LET398";"2014-03-08";"Marseille";"5225";"nous consulter"
"LET398";"2014-03-29";"Nantes";"5785";"vol régulier (Air Lettonie)"
"LET398";"2014-03-29";"Marseille";"5350";"vol régulier"
"LET398";"2014-03-29";"Toulouse";"5835";"Air Lettonie"
"LET594";"2014-03-22";"Marseille";"4580";"Air Lettonie"
"LET594";"2014-04-12";"Bordeaux";"4640";"Air Lettonie"
"LET594";"2014-04-12";"Bordeaux";"4650";"Air Lettonie"
"LET594";"2014-05-03";"Lyon";"4745";"vol régulier"
"LIB265";"2014-03-15";"Marseille";"5915";"Air Liban"
"LIB265";"2014-04-05";"Lyon";"5445";"Air Liban"
"LIB438";"2014-03-08";"Bordeaux";"6625";"vol régulier (Air Liban)"
"LIB438";"2014-03-08";"Lyon";"6455";"Air France"
"LIB438";"2014-03-29";"Marseille";"6365";"nous consulter"
"LIB438";"2014-04-12";"Marseille";"6660";"vol régulier"
"LIB438";"2014-04-19";"Bordeaux";"6290";"Air Liban"
"LIB561";"2014-03-08";"Toulouse";"6485";"vol régulier (Air Liban)"
"LIB561";"2014-03-22";"Marseille";"5700";"Air France"
"LIB561";"2014-04-05";"Toulouse";"5805";"Air France"
"LIB561";"2014-04-19";"Bordeaux";"5720";"vol régulier"
"LIE243";"2014-03-08";"Paris";"5265";"Air Liechtenstein"
"LIE243";"2014-03-29";"Marseille";"4870";"Air Liechtenstein"
"LIE243";"2014-04-12";"Bordeaux";"5630";"vol régulier (Air France)"
"LIE243";"2014-04-26";"Marseille";"5470";"vol régulier (Air France)"
"LIE243";"2014-05-03";"Nantes";"5040";"Air Liechtenstein"
"LIE387";"2014-03-08";"Bordeaux";"3955";"Air Liechtenstein"
"LIE387";"2014-03-29";"Toulouse";"3110";"vol régulier (Air Liechtenstein)"
"LIE387";"2014-04-05";"Toulouse";"4010";"Air France"
"LIE387";"2014-04-12";"Marseille";"3725";"nous consulter"
"LIE387";"2014-04-19";"Nantes";"3365";"Air France"
"LIE545";"2014-03-01";"Nantes";"5610";"nous consulter"
"LIE545";"2014-03-01";"Toulouse";"5660";"vol régulier (Air France)"
"LIE545";"2014-03-08";"Paris";"5070";"nous consulter"
"LIT282";"2014-03-22";"Toulouse";"4535";"Air Lituanie"
"LIT282";"2014-03-29";"Paris";"4990";"vol régulier (Air Lituanie)"
"LIT282";"2014-04-05";"Toulouse";"4745";"Air Lituanie"
"LIT282";"2014-04-19";"Nantes";"4470";"vol régulier (Air France)"
"LIT282";"2014-05-03";"Bordeaux";"4490";"vol régulier (Air Lituanie)"
"LIT368";"2014-03-01";"Marseille";"6480";"vol régulier"
"LIT368";"2014-03-08";"Lyon";"6545";"nous consulter"
"LIT414";"2014-03-08";"Nantes";"2790";"vol régulier"
"LIT414";"2014-03-15";"Lyon";"2605";"vol régulier (Air Lituanie)"
"LUX132";"2014-03-01";"Paris";"8130";"vol régulier (Air Luxembourg)"
"LUX132";"2014-03-15";"Lyon";"7770";"vol régulier"
"LUX132";"2014-03-22";"Paris";"8535";"Air Luxembourg"
"LUX270";"2014-03-01";"Paris";"2655";"nous consulter"
"LUX270";"2014-03-15";"Paris";"1980";"Air France"
"LUX452";"2014-03-22";"Nantes";"3115";"vol régulier (Air Luxembourg)"
"LUX452";"2014-03-22";"Marseille";"3075";"vol régulier (Air Luxembourg)"
"LUX452";"2014-04-12";"Marseille";"3385";"Air France"
"MAC280";"2014-03-15";"Marseille";"3605";"Air Macédoine"
"MAC280";"2014-04-05";"Paris";"4240";"vol régulier (Air Macédoine)"
"MAC280";"2014-04-05";"Marseille";"3950";"nous consulter"
"MAC280";"2014-04-05";"Marseille";"3960";"vol régulier"
"MAC280";"2014-04-05";"Lyon";"3790";"Air France"
"MAC452";"2014-03-08";"Paris";"5285";"vol régulier (Air France)"
"MAC452";"2014-03-15";"Marseille";"5775";"vol régulier"
"MAC612";"2014-03-22";"Toulouse";"8730";"vol régulier"
"MAC612";"2014-04-05";"Paris";"8440";"vol régulier"
"MAC612";"2014-04-19";"Bordeaux";"8415";"Air France"
"MAD154";"2014-03-22";"Nantes";"4270";"Air France"
"MAD154";"2014-03-29";"Marseille";"3705";"vol régulier (Air France)"
"MAD154";"2014-04-12";"Nantes";"3540";"vol régulier (Air Madagascar)"
"MAD154";"2014-04-26";"Marseille";"4010";"vol régulier"
"MAD154";"2014-04-26";"Lyon";"3870";"nous consulter"
"MAD195";"2014-03-22";"Paris";"2905";"vol régulier"
"MAD195";"2014-04-05";"Toulouse";"3680";"Air Madagascar"
"MAD195";"2014-04-19";"Paris";"3005";"Air France"
"MAD350";"2014-03-08";"Lyon";"4785";"vol régulier"
"MAD350";"2014-03-22";"Toulouse";"4275";"vol régulier"
"MAD350";"2014-04-12";"Marseille";"4940";"Air France"
"MAD350";"2014-05-03";"Lyon";"4880";"Air Madagascar"
"MAL144";"2014-03-08";"Paris";"7820";"vol régulier (Air Maldives)"
"MAL144";"2014-03-29";"Marseille";"7870";"vol régulier"
"MAL176";"2014-03-08";"Lyon";"5385";"Air France"
"MAL176";"2014-03-22";"Paris";"5195";"Air France"
"MAL293";"2014-03-15";"Paris";"3580";"vol régulier (Air France)"
"MAL293";"2014-04-05";"Toulouse";"3105";"vol régulier (Air France)"
"MAR142";"2014-03-01";"Lyon";"4840";"vol régulier"
"MAR142";"2014-03-15";"Marseille";"4480";"vol régulier (Air Maroc)"
"MAR142";"2014-03-15";"Paris";"4465";"nous consulter"
"MAR142";"2014-04-05";"Marseille";"5075";"Air France"
"MAR142";"2014-04-05";"Marseille";"5070";"vol régulier (Air Maroc)"
"MAR197";"2014-03-15";"Nantes";"2655";"vol régulier (Air Maroc)"
"MAR197";"2014-03-15";"Paris";"3010";"Air Maroc"
"MAR197";"2014-03-22";"Lyon";"2815";"vol régulier"
"MAR274";"2014-03-01";"Bordeaux";"5560";"Air France"
"MAR274";"2014-03-22";"Nantes";"5385";"vol régulier (Air France)"
"MAR274";"2014-03-22";"Bordeaux";"4700";"vol régulier (Air Maroc)"
"MAU254";"2014-03-15";"Toulouse";"3795";"Air Maurice"
"MAU254";"2014-03-29";"Toulouse";"4145";"Air Maurice"
"MAU254";"2014-04-12";"Lyon";"3850";"Air France"
"MAU322";"2014-03-15";"Lyon";"2930";"vol régulier"
"MAU322";"2014-03-29";"Nantes";"2310";"Air France"
"MAU485";"2014-03-22";"Nantes";"3340";"vol régulier (Air Maurice)"
"MAU485";"2014-03-29";"Toulouse";"3560";"Air Maurice"
"MEX167";"2014-03-08";"Lyon";"5490";"Air Mexique"
"MEX167";"2014-03-08";"Nantes";"5635";"nous consulter"
"MEX167";"2014-03-15";"Lyon";"5385";"vol régulier (Air France)"
"MEX233";"2014-03-22";"Marseille";"4255";"vol régulier (Air France)"
"MEX233";"2014-03-22";"Nantes";"3455";"vol régulier"
"MEX233";"2014-03-29";"Marseille";"4055";"Air France"
"MEX396";"2014-03-15";"Toulouse";"3695";"Air France"
"MEX396";"2014-03-29";"Nantes";"3935";"Air Mexique"
"MOL178";"2014-03-15";"Paris";"4785";"vol régulier (Air France)"
"MOL178";"2014-03-29";"Bordeaux";"4760";"vol régulier (Air France)"
"MOL178";"2014-03-29";"Lyon";"4250";"nous consulter"
"MOL178";"2014-04-12";"Paris";"4950";"vol régulier"
"MOL244";"2014-03-08";"Bordeaux";"3610";"vol régulier (Air France)"
"MOL244";"2014-03-15";"Toulouse";"4260";"nous consulter"
"MOL396";"2014-03-08";"Lyon";"5895";"nous consulter"
"MOL396";"2014-03-22";"Marseille";"5795";"nous consulter"
"MOL396";"2014-03-29";"Toulouse";"6090";"nous consulter"
"MOL396";"2014-04-19";"Nantes";"5685";"vol régulier (Air Moldavie)"
"MON181";"2014-03-15";"Marseille";"3480";"vol régulier"
"MON181";"2014-03-15";"Bordeaux";"2835";"vol régulier"
"MON181";"2014-03-15";"Lyon";"3035";"vol régulier (Air France)"
"MON181";"2014-03-29";"Paris";"3585";"Air France"
"MON181";"2014-04-05";"Toulouse";"3400";"vol régulier"
"MON250";"2014-03-08";"Bordeaux";"8120";"Air Monaco"
"MON250";"2014-03-22";"Marseille";"8230";"nous consulter"
"MON408";"2014-03-01";"Lyon";"5135";"Air France"
"MON408";"2014-03-01";"Nantes";"5405";"Air Monaco"
"MON408";"2014-03-08";"Lyon";"5070";"vol régulier (Air Monaco)"
"NAU213";"2014-03-15";"Bordeaux";"5775";"Air France"
"NAU213";"2014-03-29";"Bordeaux";"6020";"vol régulier"
"NAU213";"2014-03-29";"Bordeaux";"5385";"nous consulter"
"NAU213";"2014-03-29";"Nantes";"5475";"vol régulier (Air France)"
"NAU213";"2014-03-29";"Lyon";"5585";"vol régulier"
"NAU285";"2014-03-15";"Toulouse";"2850";"nous consulter"
"NAU285";"2014-03-29";"Lyon";"2930";"vol régulier (Air France)"
"NAU360";"2014-03-08";"Nantes";"3830";"vol régulier (Air Nauru)"
"NAU360";"2014-03-22";"Marseille";"4075";"nous consulter"
"NAU360";"2014-03-22";"Lyon";"3930";"vol régulier"
"NAU360";"2014-04-12";"Nantes";"4465";"Air France"
"NEP181";"2014-03-22";"Paris";"5390";"vol régulier"
"NEP181";"2014-03-29";"Nantes";"5875";"vol régulier"
"NEP181";"2014-04-19";"Lyon";"5865";"Air France"
"NEP251";"2014-03-08";"Nantes";"7280";"vol régulier"
"NEP251";"2014-03-29";"Lyon";"7815";"Air Népal"
"NEP251";"2014-04-19";"Bordeaux";"7625";"vol régulier (Air France)"
"NEP251";"2014-04-26";"Paris";"7515";"Air France"
"NEP432";"2014-03-22";"Paris";"3000";"Air France"
"NEP432";"2014-04-05";"Nantes";"2365";"vol régulier"
"NEP432";"2014-04-26";"Nantes";"2340";"vol régulier (Air France)"
"NEP432";"2014-05-10";"Bordeaux";"2635";"Air Népal"
"NOR187";"2014-03-08";"Paris";"2380";"vol régulier (Air Norvège)"
"NOR187";"2014-03-15";"Lyon";"2790";"Air France"
"NOR187";"2014-04-05";"Toulouse";"2690";"vol régulier (Air France)"
"NOR187";"2014-04-19";"Nantes";"2005";"Air France"
"NOR187";"2014-05-03";"Nantes";"2705";"Air Norvège"
"NOR223";"2014-03-08";"Nantes";"5955";"vol régulier (Air France)"
"NOR223";"2014-03-22";"Lyon";"5820";"nous consulter"
"NOR223";"2014-04-05";"Marseille";"5910";"Air Norvège"
"NOR223";"2014-04-12";"Bordeaux";"5800";"vol régulier (Air Norvège)"
"NOR308";"2014-03-22";"Nantes";"6645";"Air Norvège"
"NOR308";"2014-04-05";"Lyon";"6390";"vol régulier"
"NOR308";"2014-04-26";"Toulouse";"6120";"Air France"
"NOR308";"2014-05-10";"Bordeaux";"6370";"vol régulier"
"NZE284";"2014-03-01";"Toulouse";"5180";"vol régulier"
"NZE284";"2014-03-01";"Nantes";"5215";"vol régulier"
"NZE365";"2014-03-08";"Nantes";"3395";"vol régulier (Air France)"
"NZE365";"2014-03-15";"Nantes";"3620";"vol régulier (Air France)"
"NZE365";"2014-04-05";"Bordeaux";"3570";"vol régulier (Air France)"
"NZE365";"2014-04-19";"Toulouse";"3910";"Air France"
"NZE548";"2014-03-15";"Lyon";"2675";"vol régulier"
"NZE548";"2014-03-22";"Lyon";"1945";"Air Nouvelle Zélande"
"NZE548";"2014-04-05";"Paris";"2270";"vol régulier (Air France)"
"NZE548";"2014-04-19";"Paris";"2300";"Air France"
"NZE548";"2014-05-03";"Marseille";"2500";"vol régulier"
"PAP269";"2014-03-15";"Toulouse";"4045";"vol régulier (Air Papouasie-Nouvelle-Guinée)"
"PAP269";"2014-03-22";"Toulouse";"4870";"vol régulier (Air France)"
"PAP269";"2014-04-12";"Nantes";"4145";"Air France"
"PAP269";"2014-04-26";"Nantes";"4540";"Air Papouasie-Nouvelle-Guinée"
"PAP269";"2014-05-17";"Nantes";"4185";"vol régulier"
"PAP416";"2014-03-15";"Lyon";"6395";"vol régulier (Air France)"
"PAP416";"2014-03-29";"Toulouse";"6635";"nous consulter"
"PAP416";"2014-04-12";"Paris";"5950";"vol régulier (Air Papouasie-Nouvelle-Guinée)"
"PAP416";"2014-04-19";"Paris";"6315";"Air France"
"PAP416";"2014-05-10";"Paris";"5960";"vol régulier (Air France)"
"PAP584";"2014-03-01";"Toulouse";"7220";"Air Papouasie-Nouvelle-Guinée"
"PAP584";"2014-03-01";"Marseille";"7050";"vol régulier"
"PAP584";"2014-03-15";"Nantes";"6995";"Air Papouasie-Nouvelle-Guinée"
"PAP584";"2014-03-29";"Nantes";"6930";"vol régulier (Air France)"
"PAP584";"2014-04-12";"Bordeaux";"7630";"vol régulier"
"HOL220";"2014-03-15";"Lyon";"7335";"vol régulier (Air Pays-Bas)"
"HOL220";"2014-03-15";"Paris";"7325";"Air Pays-Bas"
"HOL220";"2014-04-05";"Toulouse";"6925";"vol régulier (Air France)"
"HOL220";"2014-04-05";"Bordeaux";"6685";"vol régulier"
"HOL220";"2014-04-19";"Paris";"7220";"vol régulier"
"HOL352";"2014-03-22";"Nantes";"3625";"vol régulier (Air France)"
"HOL352";"2014-03-22";"Paris";"3485";"vol régulier (Air France)"
"HOL352";"2014-04-05";"Bordeaux";"3185";"vol régulier"
"HOL352";"2014-04-05";"Nantes";"3540";"nous consulter"
"HOL352";"2014-04-12";"Bordeaux";"2975";"vol régulier (Air Pays-Bas)"
"HOL403";"2014-03-22";"Lyon";"6590";"Air France"
"HOL403";"2014-04-12";"Marseille";"7365";"Air Pays-Bas"
"HOL403";"2014-04-19";"Paris";"6755";"nous consulter"
"HOL403";"2014-05-03";"Paris";"6825";"vol régulier (Air France)"
"HOL403";"2014-05-17";"Marseille";"7295";"vol régulier (Air Pays-Bas)"
"PER243";"2014-03-01";"Bordeaux";"6710";"nous consulter"
"PER243";"2014-03-22";"Marseille";"7040";"Air Pérou"
"PER243";"2014-04-05";"Paris";"6990";"vol régulier (Air Pérou)"
"PER243";"2014-04-26";"Paris";"6785";"vol régulier"
"PER374";"2014-03-08";"Bordeaux";"5300";"Air France"
"PER374";"2014-03-15";"Paris";"5235";"Air France"
"PER374";"2014-03-22";"Paris";"4550";"vol régulier"
"PER374";"2014-04-12";"Marseille";"4465";"vol régulier (Air France)"
"PER540";"2014-03-01";"Paris";"5145";"vol régulier"
"PER540";"2014-03-22";"Nantes";"4650";"vol régulier (Air Pérou)"
"PER540";"2014-03-22";"Marseille";"5150";"Air France"
"PER540";"2014-03-22";"Bordeaux";"5530";"vol régulier"
"PER540";"2014-03-22";"Marseille";"4665";"vol régulier"
"POL205";"2014-03-22";"Nantes";"3055";"Air France"
"POL205";"2014-04-05";"Nantes";"2545";"nous consulter"
"POL243";"2014-03-22";"Bordeaux";"5045";"vol régulier (Air France)"
"POL243";"2014-03-22";"Marseille";"5500";"vol régulier (Air Pologne)"
"POL339";"2014-03-08";"Toulouse";"6565";"vol régulier (Air Pologne)"
"POL339";"2014-03-29";"Marseille";"6485";"Air France"
"POR266";"2014-03-22";"Toulouse";"4290";"vol régulier (Air France)"
"POR266";"2014-03-22";"Toulouse";"3975";"Air France"
"POR266";"2014-03-29";"Lyon";"3980";"Air Portugal"
"POR266";"2014-04-05";"Nantes";"4175";"Air France"
"POR464";"2014-03-15";"Toulouse";"3130";"Air Portugal"
"POR464";"2014-04-05";"Nantes";"2645";"Air France"
"POR464";"2014-04-05";"Bordeaux";"3235";"Air France"
"POR586";"2014-03-22";"Nantes";"3425";"nous consulter"
"POR586";"2014-03-22";"Toulouse";"2840";"vol régulier"
"POR586";"2014-03-22";"Marseille";"3130";"vol régulier"
"POR586";"2014-03-22";"Paris";"3010";"Air Portugal"
"POR586";"2014-03-22";"Toulouse";"3300";"Air France"
"QAT132";"2014-03-08";"Nantes";"6205";"vol régulier (Air Qatar)"
"QAT132";"2014-03-29";"Lyon";"6215";"vol régulier"
"QAT288";"2014-03-15";"Lyon";"6045";"nous consulter"
"QAT288";"2014-03-15";"Bordeaux";"6550";"vol régulier (Air Qatar)"
"QAT363";"2014-03-01";"Paris";"4010";"vol régulier (Air France)"
"QAT363";"2014-03-08";"Paris";"4375";"vol régulier (Air France)"
"QAT363";"2014-03-15";"Marseille";"4480";"nous consulter"
"QAT363";"2014-03-15";"Nantes";"4460";"nous consulter"
"ROU150";"2014-03-15";"Toulouse";"3725";"vol régulier"
"ROU150";"2014-03-29";"Toulouse";"3440";"Air Roumanie"
"ROU150";"2014-04-12";"Bordeaux";"3920";"nous consulter"
"ROU150";"2014-04-19";"Toulouse";"3615";"vol régulier (Air Roumanie)"
"ROU280";"2014-03-01";"Toulouse";"6065";"vol régulier (Air Roumanie)"
"ROU280";"2014-03-01";"Marseille";"6780";"vol régulier (Air Roumanie)"
"ROU280";"2014-03-22";"Marseille";"6270";"vol régulier"
"ROU280";"2014-04-12";"Lyon";"6375";"Air France"
"ROU280";"2014-04-12";"Lyon";"6825";"vol régulier (Air France)"
"ROU439";"2014-03-01";"Paris";"6865";"Air France"
"ROU439";"2014-03-15";"Lyon";"6980";"nous consulter"
"ROU439";"2014-04-05";"Nantes";"6810";"Air France"
"ROU439";"2014-04-12";"Lyon";"7350";"vol régulier"
"ROY194";"2014-03-01";"Nantes";"6815";"Air Royaume-Uni"
"ROY194";"2014-03-01";"Nantes";"7505";"Air Royaume-Uni"
"ROY387";"2014-03-15";"Nantes";"7000";"vol régulier (Air France)"
"ROY387";"2014-03-15";"Paris";"6870";"nous consulter"
"ROY387";"2014-03-22";"Lyon";"6405";"nous consulter"
"ROY441";"2014-03-01";"Bordeaux";"7245";"Air France"
"ROY441";"2014-03-01";"Nantes";"7490";"vol régulier (Air France)"
"ROY441";"2014-03-01";"Marseille";"7285";"Air France"
"ROY441";"2014-03-22";"Paris";"7210";"nous consulter"
"ROY441";"2014-03-22";"Bordeaux";"6780";"Air France"
"RUS193";"2014-03-08";"Toulouse";"3555";"vol régulier"
"RUS193";"2014-03-08";"Lyon";"2715";"vol régulier"
"RUS193";"2014-03-15";"Marseille";"3135";"vol régulier (Air Russie)"
"RUS193";"2014-04-05";"Bordeaux";"3280";"vol régulier"
"RUS319";"2014-03-01";"Paris";"3495";"Air France"
"RUS319";"2014-03-15";"Lyon";"3255";"Air Russie"
"RUS319";"2014-03-22";"Nantes";"3650";"vol régulier"
"RUS397";"2014-03-15";"Lyon";"5065";"Air Russie"
"RUS397";"2014-04-05";"Nantes";"5330";"vol régulier (Air France)"
"SIN207";"2014-03-08";"Paris";"5290";"vol régulier (Air Singapour)"
"SIN207";"2014-03-29";"Toulouse";"4590";"vol régulier (Air Singapour)"
"SIN207";"2014-04-12";"Paris";"5100";"vol régulier (Air Singapour)"
"SIN207";"2014-04-26";"Nantes";"5355";"vol régulier (Air France)"
"SIN207";"2014-05-10";"Nantes";"4550";"Air France"
"SIN228";"2014-03-08";"Toulouse";"2910";"vol régulier (Air Singapour)"
"SIN228";"2014-03-29";"Toulouse";"3120";"vol régulier"
"SIN228";"2014-04-12";"Toulouse";"2395";"Air France"
"SIN382";"2014-03-22";"Paris";"8500";"nous consulter"
"SIN382";"2014-04-12";"Bordeaux";"8770";"Air Singapour"
"SLO145";"2014-03-01";"Lyon";"5075";"Air Slovaquie"
"SLO145";"2014-03-08";"Toulouse";"5375";"Air France"
"SLO145";"2014-03-29";"Nantes";"5280";"nous consulter"
"SLO145";"2014-04-12";"Lyon";"4600";"vol régulier (Air France)"
"SLO145";"2014-05-03";"Paris";"5510";"vol régulier"
"SLO283";"2014-03-01";"Lyon";"3205";"Air Slovaquie"
"SLO283";"2014-03-15";"Paris";"2990";"nous consulter"
"SLO283";"2014-03-15";"Bordeaux";"3355";"nous consulter"
"SLO283";"2014-03-29";"Nantes";"3180";"vol régulier (Air France)"
"SLO351";"2014-03-01";"Nantes";"5390";"Air France"
"SLO351";"2014-03-08";"Toulouse";"5125";"vol régulier"
"SLO351";"2014-03-08";"Toulouse";"4735";"vol régulier (Air France)"
"SLV268";"2014-03-08";"Toulouse";"2905";"Air France"
"SLV268";"2014-03-22";"Toulouse";"2740";"vol régulier"
"SLV268";"2014-04-12";"Nantes";"3235";"nous consulter"
"SLV387";"2014-03-15";"Nantes";"4850";"vol régulier (Air Slovénie)"
"SLV387";"2014-03-22";"Toulouse";"4570";"nous consulter"
"SLV387";"2014-03-29";"Bordeaux";"4505";"vol régulier (Air Slovénie)"
"SLV387";"2014-03-29";"Marseille";"4095";"Air Slovénie"
"SLV387";"2014-04-12";"Bordeaux";"4525";"Air France"
"SLV470";"2014-03-15";"Marseille";"3075";"nous consulter"
"SLV470";"2014-03-29";"Nantes";"2465";"vol régulier (Air France)"
"SLV470";"2014-04-19";"Bordeaux";"3035";"Air Slovénie"
"SUE185";"2014-03-01";"Lyon";"4535";"vol régulier (Air France)"
"SUE185";"2014-03-22";"Bordeaux";"4755";"nous consulter"
"SUE185";"2014-03-29";"Marseille";"5470";"Air Suède"
"SUE210";"2014-03-01";"Toulouse";"5405";"vol régulier"
"SUE210";"2014-03-01";"Paris";"5775";"nous consulter"
"SUE210";"2014-03-22";"Nantes";"5840";"vol régulier"
"SUE210";"2014-03-22";"Lyon";"5710";"vol régulier (Air France)"
"SUE392";"2014-03-22";"Toulouse";"6635";"Air Suède"
"SUE392";"2014-04-05";"Nantes";"7005";"nous consulter"
"SUE392";"2014-04-19";"Bordeaux";"6675";"vol régulier (Air France)"
"SUI158";"2014-03-08";"Toulouse";"4970";"Air France"
"SUI158";"2014-03-29";"Nantes";"4715";"Air Suisse"
"SUI158";"2014-03-29";"Toulouse";"4500";"Air Suisse"
"SUI158";"2014-04-05";"Bordeaux";"4810";"Air France"
"SUI158";"2014-04-12";"Lyon";"4840";"vol régulier (Air Suisse)"
"SUI240";"2014-03-08";"Lyon";"2955";"Air France"
"SUI240";"2014-03-15";"Marseille";"2765";"vol régulier (Air Suisse)"
"SUI240";"2014-04-05";"Toulouse";"3245";"Air Suisse"
"SUI375";"2014-03-22";"Marseille";"4170";"Air France"
"SUI375";"2014-04-12";"Bordeaux";"4310";"nous consulter"
"SUI375";"2014-04-26";"Bordeaux";"3755";"vol régulier (Air France)"
"TCH298";"2014-03-08";"Marseille";"8880";"nous consulter"
"TCH298";"2014-03-22";"Lyon";"9025";"nous consulter"
"TCH298";"2014-04-05";"Paris";"9115";"Air République Tchèque"
"TCH298";"2014-04-19";"Nantes";"9235";"Air France"
"TCH412";"2014-03-15";"Nantes";"6435";"vol régulier"
"TCH412";"2014-03-22";"Lyon";"6705";"vol régulier (Air France)"
"TCH412";"2014-03-29";"Paris";"6720";"Air République Tchèque"
"TCH474";"2014-03-01";"Toulouse";"7260";"vol régulier (Air République Tchèque)"
"TCH474";"2014-03-01";"Paris";"7100";"vol régulier (Air République Tchèque)"
"TCH474";"2014-03-15";"Toulouse";"7800";"vol régulier (Air France)"
"TCH474";"2014-03-29";"Marseille";"7315";"nous consulter"
"TCH474";"2014-04-05";"Bordeaux";"7545";"vol régulier (Air France)"
"THA163";"2014-03-15";"Bordeaux";"7030";"vol régulier (Air Thaïlande)"
"THA163";"2014-03-29";"Marseille";"6710";"Air Thaïlande"
"THA163";"2014-04-12";"Marseille";"6495";"vol régulier"
"THA163";"2014-04-26";"Bordeaux";"6565";"Air France"
"THA304";"2014-03-08";"Marseille";"3965";"vol régulier (Air France)"
"THA304";"2014-03-29";"Nantes";"3640";"Air France"
"THA304";"2014-04-19";"Nantes";"3910";"vol régulier (Air France)"
"THA404";"2014-03-22";"Bordeaux";"3790";"Air Thaïlande"
"THA404";"2014-04-05";"Marseille";"3335";"Air France"
"THA404";"2014-04-12";"Bordeaux";"3995";"Air France"
"THA404";"2014-04-26";"Nantes";"3615";"vol régulier (Air Thaïlande)"
"TUN159";"2014-03-22";"Bordeaux";"4680";"Air Tunisie"
"TUN159";"2014-03-29";"Toulouse";"4885";"vol régulier"
"TUN159";"2014-03-29";"Marseille";"4430";"nous consulter"
"TUN159";"2014-04-05";"Toulouse";"4745";"Air France"
"TUN159";"2014-04-12";"Nantes";"4600";"vol régulier"
"TUN208";"2014-03-01";"Bordeaux";"6855";"vol régulier (Air Tunisie)"
"TUN208";"2014-03-22";"Marseille";"6280";"vol régulier (Air Tunisie)"
"TUN267";"2014-03-15";"Toulouse";"5475";"Air France"
"TUN267";"2014-04-05";"Toulouse";"5645";"Air France"
"TUN267";"2014-04-19";"Nantes";"5985";"vol régulier (Air Tunisie)"
"TUN267";"2014-05-03";"Paris";"5365";"nous consulter"
"TUN267";"2014-05-03";"Bordeaux";"5455";"Air Tunisie"
"TUR136";"2014-03-01";"Toulouse";"6115";"Air Turquie"
"TUR136";"2014-03-01";"Lyon";"5825";"vol régulier (Air Turquie)"
"TUR136";"2014-03-15";"Bordeaux";"6190";"Air France"
"TUR136";"2014-03-15";"Bordeaux";"6080";"Air France"
"TUR260";"2014-03-08";"Toulouse";"2620";"Air Turquie"
"TUR260";"2014-03-08";"Lyon";"2995";"vol régulier"
"TUR337";"2014-03-08";"Paris";"6180";"nous consulter"
"TUR337";"2014-03-22";"Bordeaux";"6860";"vol régulier"
"TUR337";"2014-04-12";"Marseille";"6085";"vol régulier"
"TUR337";"2014-05-03";"Nantes";"6915";"nous consulter"
"UKR115";"2014-03-08";"Paris";"3465";"nous consulter"
"UKR115";"2014-03-08";"Paris";"3880";"vol régulier"
"UKR115";"2014-03-29";"Nantes";"3820";"vol régulier (Air France)"
"UKR115";"2014-04-12";"Bordeaux";"3665";"nous consulter"
"UKR246";"2014-03-01";"Bordeaux";"8305";"nous consulter"
"UKR246";"2014-03-22";"Paris";"8390";"Air France"
"UKR342";"2014-03-08";"Lyon";"6210";"vol régulier"
"UKR342";"2014-03-29";"Nantes";"6680";"Air France"
"URU248";"2014-03-08";"Lyon";"7015";"vol régulier"
"URU248";"2014-03-29";"Paris";"6995";"Air Uruguay"
"URU248";"2014-04-19";"Nantes";"6555";"vol régulier (Air Uruguay)"
"URU294";"2014-03-15";"Bordeaux";"2965";"vol régulier"
"URU294";"2014-03-29";"Toulouse";"2445";"vol régulier (Air Uruguay)"
"URU294";"2014-03-29";"Marseille";"3415";"vol régulier (Air France)"
"URU294";"2014-04-19";"Nantes";"3345";"vol régulier (Air Uruguay)"
"URU357";"2014-03-22";"Nantes";"5530";"vol régulier (Air Uruguay)"
"URU357";"2014-04-05";"Lyon";"4810";"Air France"
"VAN257";"2014-03-22";"Marseille";"6635";"vol régulier"
"VAN257";"2014-03-22";"Bordeaux";"6310";"vol régulier (Air France)"
"VAN257";"2014-04-05";"Paris";"6685";"nous consulter"
"VAN357";"2014-03-08";"Paris";"6420";"Air Vanuatu"
"VAN357";"2014-03-08";"Toulouse";"6930";"vol régulier"
"VAN357";"2014-03-15";"Lyon";"6785";"vol régulier (Air France)"
"VAN447";"2014-03-01";"Nantes";"5220";"vol régulier (Air Vanuatu)"
"VAN447";"2014-03-08";"Nantes";"5515";"vol régulier (Air Vanuatu)"
"VAN447";"2014-03-08";"Bordeaux";"5280";"vol régulier (Air Vanuatu)"
"VAN447";"2014-03-22";"Nantes";"4730";"vol régulier (Air Vanuatu)"
"VEN163";"2014-03-22";"Marseille";"7310";"Air Venezuela"
"VEN163";"2014-04-05";"Nantes";"6850";"nous consulter"
"VEN163";"2014-04-05";"Paris";"7240";"vol régulier (Air France)"
"VEN230";"2014-03-15";"Bordeaux";"2805";"vol régulier"
"VEN230";"2014-03-22";"Paris";"2750";"Air Venezuela"
"VEN230";"2014-03-29";"Nantes";"2590";"vol régulier"
"VEN230";"2014-04-05";"Lyon";"2835";"nous consulter"
"VEN230";"2014-04-12";"Paris";"2500";"vol régulier"
"VEN408";"2014-03-22";"Paris";"3310";"Air France"
"VEN408";"2014-04-12";"Paris";"3190";"Air France"
"VEN408";"2014-04-12";"Marseille";"3890";"vol régulier (Air Venezuela)"
"VEN408";"2014-05-03";"Toulouse";"3225";"Air Venezuela"
"ZIM117";"2014-03-15";"Bordeaux";"2660";"vol régulier"
"ZIM117";"2014-03-22";"Marseille";"3020";"vol régulier"
"ZIM117";"2014-04-05";"Lyon";"3405";"nous consulter"
"ZIM117";"2014-04-12";"Nantes";"2880";"Air Zimbabwe"
"ZIM117";"2014-05-03";"Bordeaux";"3330";"vol régulier (Air France)"
"ZIM293";"2014-03-22";"Toulouse";"2715";"Air Zimbabwe"
"ZIM293";"2014-03-22";"Marseille";"2920";"vol régulier"
"ZIM293";"2014-03-22";"Lyon";"3205";"Air France"
"ZIM293";"2014-03-22";"Paris";"3095";"vol régulier (Air France)"
"ZIM329";"2014-03-22";"Paris";"3720";"vol régulier (Air Zimbabwe)"
"ZIM329";"2014-04-12";"Lyon";"4410";"Air Zimbabwe"
"ZIM329";"2014-05-03";"Toulouse";"4405";"vol régulier (Air Zimbabwe)"
"ZIM329";"2014-05-10";"Toulouse";"4070";"Air France"
"ZIM329";"2014-05-17";"Nantes";"4245";"vol régulier (Air Zimbabwe)"
